-- MySQL dump 10.13  Distrib 8.0.19, for Win64 (x86_64)
--
-- Host: 54.84.26.223    Database: proyectoBD_ligaFantasy_alg
-- ------------------------------------------------------
-- Server version	8.0.41-0ubuntu0.22.04.1

/*!40101 SET @OLD_CHARACTER_SET_CLIENT=@@CHARACTER_SET_CLIENT */;
/*!40101 SET @OLD_CHARACTER_SET_RESULTS=@@CHARACTER_SET_RESULTS */;
/*!40101 SET @OLD_COLLATION_CONNECTION=@@COLLATION_CONNECTION */;
/*!50503 SET NAMES utf8mb4 */;
/*!40103 SET @OLD_TIME_ZONE=@@TIME_ZONE */;
/*!40103 SET TIME_ZONE='+00:00' */;
/*!40014 SET @OLD_UNIQUE_CHECKS=@@UNIQUE_CHECKS, UNIQUE_CHECKS=0 */;
/*!40014 SET @OLD_FOREIGN_KEY_CHECKS=@@FOREIGN_KEY_CHECKS, FOREIGN_KEY_CHECKS=0 */;
/*!40101 SET @OLD_SQL_MODE=@@SQL_MODE, SQL_MODE='NO_AUTO_VALUE_ON_ZERO' */;
/*!40111 SET @OLD_SQL_NOTES=@@SQL_NOTES, SQL_NOTES=0 */;

--
-- Table structure for table `clasificacion_ent`
--

DROP TABLE IF EXISTS `clasificacion_ent`;
/*!40101 SET @saved_cs_client     = @@character_set_client */;
/*!50503 SET character_set_client = utf8mb4 */;
CREATE TABLE `clasificacion_ent` (
  `ID_ENTRENADORES` int NOT NULL,
  `NUM_JORNADA` int NOT NULL,
  `PUNTOS` int DEFAULT NULL,
  PRIMARY KEY (`NUM_JORNADA`,`ID_ENTRENADORES`),
  KEY `fk_ENTRENADORES_has_JORNADAS_JORNADAS1_idx` (`NUM_JORNADA`),
  KEY `fk_ENTRENADORES_has_JORNADAS_ENTRENADORES1_idx` (`ID_ENTRENADORES`),
  CONSTRAINT `fk_ENTRENADORES_has_JORNADAS_ENTRENADORES1` FOREIGN KEY (`ID_ENTRENADORES`) REFERENCES `entrenadores` (`ID_ENTRENADORES`) ON DELETE CASCADE ON UPDATE CASCADE,
  CONSTRAINT `fk_ENTRENADORES_has_JORNADAS_JORNADAS1` FOREIGN KEY (`NUM_JORNADA`) REFERENCES `jornadas` (`NUM_JORNADA`) ON DELETE CASCADE ON UPDATE CASCADE
) ENGINE=InnoDB DEFAULT CHARSET=utf8mb3;
/*!40101 SET character_set_client = @saved_cs_client */;

--
-- Dumping data for table `clasificacion_ent`
--

LOCK TABLES `clasificacion_ent` WRITE;
/*!40000 ALTER TABLE `clasificacion_ent` DISABLE KEYS */;
INSERT INTO `clasificacion_ent` VALUES (20001,1,0),(20002,1,0),(20003,1,0),(20004,1,0),(20005,1,0),(20006,1,5),(20007,1,5),(20008,1,5),(20009,1,5),(20010,1,5),(20011,1,2),(20012,1,2),(20013,1,2),(20014,1,2),(20015,1,2),(20016,1,0),(20017,1,0),(20018,1,5),(20019,1,5),(20020,1,2),(20001,2,0),(20002,2,5),(20003,2,0),(20004,2,0),(20005,2,5),(20006,2,5),(20007,2,5),(20008,2,0),(20009,2,5),(20010,2,5),(20011,2,2),(20012,2,2),(20013,2,2),(20014,2,5),(20015,2,2),(20016,2,0),(20017,2,0),(20018,2,0),(20019,2,5),(20020,2,0),(20001,3,5),(20002,3,5),(20003,3,0),(20004,3,2),(20005,3,2),(20006,3,5),(20007,3,0),(20008,3,0),(20009,3,5),(20010,3,5),(20011,3,2),(20012,3,0),(20013,3,2),(20014,3,0),(20015,3,2),(20016,3,2),(20017,3,5),(20018,3,2),(20019,3,2),(20020,3,0),(20001,4,2),(20002,4,5),(20003,4,0),(20004,4,2),(20005,4,5),(20006,4,5),(20007,4,0),(20008,4,2),(20009,4,5),(20010,4,0),(20011,4,2),(20012,4,0),(20013,4,2),(20014,4,0),(20015,4,5),(20016,4,2),(20017,4,5),(20018,4,0),(20019,4,2),(20020,4,5),(20001,5,5),(20002,5,2),(20003,5,2),(20004,5,0),(20005,5,2),(20006,5,5),(20007,5,2),(20008,5,5),(20009,5,5),(20010,5,5),(20011,5,2),(20012,5,2),(20013,5,0),(20014,5,2),(20015,5,5),(20016,5,0),(20017,5,0),(20018,5,5),(20019,5,2),(20020,5,0),(20001,6,2),(20002,6,0),(20003,6,5),(20004,6,5),(20005,6,5),(20006,6,0),(20007,6,0),(20008,6,0),(20009,6,2),(20010,6,5),(20011,6,5),(20012,6,2),(20013,6,5),(20014,6,0),(20015,6,2),(20016,6,5),(20017,6,2),(20018,6,2),(20019,6,5),(20020,6,2),(20001,7,0),(20002,7,5),(20003,7,0),(20004,7,5),(20005,7,0),(20006,7,2),(20007,7,5),(20008,7,2),(20009,7,5),(20010,7,0),(20011,7,0),(20012,7,5),(20013,7,2),(20014,7,5),(20015,7,0),(20016,7,2),(20017,7,0),(20018,7,0),(20019,7,5),(20020,7,2);
/*!40000 ALTER TABLE `clasificacion_ent` ENABLE KEYS */;
UNLOCK TABLES;

--
-- Table structure for table `clasificacion_jug`
--

DROP TABLE IF EXISTS `clasificacion_jug`;
/*!40101 SET @saved_cs_client     = @@character_set_client */;
/*!50503 SET character_set_client = utf8mb4 */;
CREATE TABLE `clasificacion_jug` (
  `ID_JUGADORES` int NOT NULL,
  `NUM_JORNADA` int NOT NULL,
  `PUNTOS` int DEFAULT NULL,
  PRIMARY KEY (`ID_JUGADORES`,`NUM_JORNADA`),
  KEY `fk_JUGADORES_has_JORNADAS_JORNADAS1_idx` (`NUM_JORNADA`),
  KEY `fk_JUGADORES_has_JORNADAS_JUGADORES_idx` (`ID_JUGADORES`),
  CONSTRAINT `fk_JUGADORES_has_JORNADAS_JORNADAS1` FOREIGN KEY (`NUM_JORNADA`) REFERENCES `jornadas` (`NUM_JORNADA`) ON DELETE CASCADE ON UPDATE CASCADE,
  CONSTRAINT `fk_JUGADORES_has_JORNADAS_JUGADORES` FOREIGN KEY (`ID_JUGADORES`) REFERENCES `jugadores` (`ID_JUGADORES`) ON DELETE CASCADE ON UPDATE CASCADE
) ENGINE=InnoDB DEFAULT CHARSET=utf8mb3;
/*!40101 SET character_set_client = @saved_cs_client */;

--
-- Dumping data for table `clasificacion_jug`
--

LOCK TABLES `clasificacion_jug` WRITE;
/*!40000 ALTER TABLE `clasificacion_jug` DISABLE KEYS */;
INSERT INTO `clasificacion_jug` VALUES (10001,1,4),(10001,2,0),(10001,3,0),(10001,4,4),(10001,5,20),(10002,1,20),(10002,2,12),(10002,3,2),(10002,4,17),(10002,5,0),(10003,1,6),(10003,2,5),(10003,3,8),(10003,4,12),(10003,5,9),(10004,1,10),(10004,2,6),(10004,3,23),(10004,4,8),(10004,5,13),(10005,1,13),(10005,2,-2),(10005,3,7),(10005,4,5),(10005,5,16),(10006,1,3),(10006,2,6),(10006,3,8),(10006,4,18),(10006,5,2),(10007,1,12),(10007,2,7),(10007,3,5),(10007,4,4),(10007,5,19),(10008,1,4),(10008,2,0),(10008,3,5),(10008,4,16),(10008,5,11),(10009,1,9),(10009,2,14),(10009,3,15),(10009,4,20),(10009,5,2),(10010,1,16),(10010,2,5),(10010,3,1),(10010,4,8),(10010,5,12),(10011,1,5),(10011,2,16),(10011,3,7),(10011,4,8),(10011,5,14),(10012,1,2),(10012,2,7),(10012,3,2),(10012,4,18),(10012,5,11),(10013,1,15),(10013,2,6),(10013,3,2),(10013,4,1),(10013,5,17),(10014,1,5),(10014,2,10),(10014,3,3),(10014,4,5),(10014,5,2),(10015,1,0),(10015,2,5),(10015,3,13),(10015,4,0),(10015,5,9),(10016,1,8),(10016,2,6),(10016,3,14),(10016,4,19),(10016,5,13),(10017,1,0),(10017,2,13),(10017,3,6),(10017,4,18),(10017,5,13),(10018,1,4),(10018,2,3),(10018,3,15),(10018,4,-1),(10018,5,18),(10019,1,13),(10019,2,0),(10019,3,1),(10019,4,9),(10019,5,4),(10020,1,11),(10020,2,13),(10020,3,7),(10020,4,3),(10020,5,1),(10021,1,6),(10021,2,2),(10021,3,6),(10021,4,-1),(10021,5,-2),(10022,1,17),(10022,2,8),(10022,3,0),(10022,4,18),(10022,5,2),(10023,1,4),(10023,2,7),(10023,3,17),(10023,4,-2),(10023,5,20),(10024,1,8),(10024,2,-1),(10024,3,3),(10024,4,9),(10024,5,7),(10025,1,13),(10025,2,16),(10025,3,0),(10025,4,19),(10025,5,19),(10026,1,15),(10026,2,1),(10026,3,6),(10026,4,9),(10026,5,2),(10027,1,7),(10027,2,0),(10027,3,0),(10027,4,14),(10027,5,1),(10028,1,18),(10028,2,5),(10028,3,3),(10028,4,7),(10028,5,-1),(10029,1,7),(10029,2,-2),(10029,3,-1),(10029,4,13),(10029,5,17),(10030,1,6),(10030,2,1),(10030,3,1),(10030,4,12),(10030,5,7),(10031,1,-2),(10031,2,18),(10031,3,0),(10031,4,12),(10031,5,16),(10032,1,11),(10032,2,1),(10032,3,21),(10032,4,16),(10032,5,-2),(10033,1,5),(10033,2,0),(10033,3,10),(10033,4,9),(10033,5,2),(10034,1,19),(10034,2,-1),(10034,3,0),(10034,4,20),(10034,5,10),(10035,1,7),(10035,2,14),(10035,3,8),(10035,4,17),(10035,5,1),(10036,1,0),(10036,2,0),(10036,3,15),(10036,4,0),(10036,5,13),(10037,1,8),(10037,2,-2),(10037,3,21),(10037,4,2),(10037,5,13),(10038,1,5),(10038,2,16),(10038,3,1),(10038,4,16),(10038,5,20),(10039,1,19),(10039,2,0),(10039,3,10),(10039,4,4),(10039,5,-1),(10040,1,8),(10040,2,0),(10040,3,0),(10040,4,18),(10040,5,14),(10041,1,15),(10041,2,7),(10041,3,13),(10041,4,6),(10041,5,17),(10042,1,6),(10042,2,12),(10042,3,5),(10042,4,4),(10042,5,9),(10043,1,15),(10043,2,2),(10043,3,0),(10043,4,15),(10043,5,15),(10044,1,2),(10044,2,8),(10044,3,1),(10044,4,1),(10044,5,0),(10045,1,1),(10045,2,1),(10045,3,2),(10045,4,11),(10045,5,-2),(10046,1,0),(10046,2,18),(10046,3,14),(10046,4,15),(10046,5,-2),(10047,1,4),(10047,2,5),(10047,3,2),(10047,4,6),(10047,5,16),(10048,1,3),(10048,2,19),(10048,3,21),(10048,4,18),(10048,5,8),(10049,1,6),(10049,2,6),(10049,3,8),(10049,4,-1),(10049,5,2),(10050,1,14),(10050,2,2),(10050,3,17),(10050,4,17),(10050,5,9),(10051,1,0),(10051,2,6),(10051,3,2),(10051,4,12),(10051,5,0),(10052,1,8),(10052,2,11),(10052,3,4),(10052,4,4),(10052,5,-2),(10053,1,18),(10053,2,8),(10053,3,1),(10053,4,9),(10053,5,-2),(10054,1,7),(10054,2,10),(10054,3,11),(10054,4,5),(10054,5,5),(10055,1,19),(10055,2,1),(10055,3,0),(10055,4,12),(10055,5,7),(10056,1,0),(10056,2,9),(10056,3,16),(10056,4,0),(10056,5,8),(10057,1,11),(10057,2,17),(10057,3,12),(10057,4,11),(10057,5,9),(10058,1,5),(10058,2,10),(10058,3,5),(10058,4,14),(10058,5,10),(10059,1,19),(10059,2,7),(10059,3,11),(10059,4,1),(10059,5,9),(10060,1,2),(10060,2,0),(10060,3,3),(10060,4,15),(10060,5,11),(10061,1,8),(10061,2,9),(10061,3,17),(10061,4,5),(10061,5,-1),(10062,1,5),(10062,2,7),(10062,3,4),(10062,4,1),(10062,5,16),(10063,1,-1),(10063,2,10),(10063,3,15),(10063,4,-1),(10063,5,15),(10064,1,15),(10064,2,3),(10064,3,0),(10064,4,3),(10064,5,0),(10065,1,12),(10065,2,11),(10065,3,11),(10065,4,19),(10065,5,20),(10066,1,-2),(10066,2,-1),(10066,3,1),(10066,4,7),(10066,5,14),(10067,1,1),(10067,2,6),(10067,3,9),(10067,4,1),(10067,5,5),(10068,1,20),(10068,2,12),(10068,3,6),(10068,4,19),(10068,5,7),(10069,1,1),(10069,2,-1),(10069,3,6),(10069,4,15),(10069,5,-1),(10070,1,11),(10070,2,-1),(10070,3,14),(10070,4,9),(10070,5,16),(10071,1,3),(10071,2,2),(10071,3,10),(10071,4,-1),(10071,5,6),(10072,1,10),(10072,2,1),(10072,3,5),(10072,4,7),(10072,5,4),(10073,1,3),(10073,2,4),(10073,3,9),(10073,4,1),(10073,5,1),(10074,1,19),(10074,2,0),(10074,3,15),(10074,4,11),(10074,5,18),(10075,1,7),(10075,2,8),(10075,3,4),(10075,4,13),(10075,5,15),(10076,1,14),(10076,2,5),(10076,3,2),(10076,4,12),(10076,5,10),(10077,1,0),(10077,2,11),(10077,3,0),(10077,4,5),(10077,5,8),(10078,1,7),(10078,2,2),(10078,3,12),(10078,4,11),(10078,5,1),(10079,1,19),(10079,2,-2),(10079,3,14),(10079,4,20),(10079,5,18),(10080,1,11),(10080,2,2),(10080,3,25),(10080,4,5),(10080,5,1),(10081,1,15),(10081,2,15),(10081,3,22),(10081,4,18),(10081,5,7),(10082,1,2),(10082,2,9),(10082,3,20),(10082,4,13),(10082,5,2),(10083,1,20),(10083,2,17),(10083,3,0),(10083,4,10),(10083,5,6),(10084,1,1),(10084,2,4),(10084,3,1),(10084,4,15),(10084,5,0),(10085,1,8),(10085,2,13),(10085,3,11),(10085,4,12),(10085,5,14),(10086,1,15),(10086,2,5),(10086,3,0),(10086,4,18),(10086,5,0),(10087,1,6),(10087,2,6),(10087,3,9),(10087,4,10),(10087,5,13),(10088,1,4),(10088,2,15),(10088,3,9),(10088,4,6),(10088,5,1),(10089,1,4),(10089,2,-1),(10089,3,1),(10089,4,12),(10089,5,15),(10090,1,5),(10090,2,4),(10090,3,5),(10090,4,10),(10090,5,14),(10091,1,8),(10091,2,21),(10091,3,11),(10091,4,-2),(10091,5,4),(10092,1,0),(10092,2,6),(10092,3,7),(10092,4,4),(10092,5,20),(10093,1,5),(10093,2,5),(10093,3,0),(10093,4,6),(10093,5,2),(10094,1,0),(10094,2,12),(10094,3,2),(10094,4,-2),(10094,5,9),(10095,1,19),(10095,2,1),(10095,3,6),(10095,4,9),(10095,5,14),(10096,1,7),(10096,2,23),(10096,3,10),(10096,4,5),(10096,5,20),(10097,1,21),(10097,2,-1),(10097,3,1),(10097,4,8),(10097,5,10),(10098,1,18),(10098,2,6),(10098,3,7),(10098,4,16),(10098,5,20),(10099,1,21),(10099,2,0),(10099,3,2),(10099,4,14),(10099,5,0),(10100,1,17),(10100,2,8),(10100,3,1),(10100,4,5),(10100,5,6),(10101,1,8),(10101,2,-2),(10101,3,2),(10101,4,0),(10101,5,14),(10102,1,21),(10102,2,4),(10102,3,6),(10102,4,0),(10102,5,14),(10103,1,1),(10103,2,17),(10103,3,16),(10103,4,-2),(10103,5,17),(10104,1,21),(10104,2,6),(10104,3,11),(10104,4,2),(10104,5,13),(10105,1,5),(10105,2,4),(10105,3,9),(10105,4,7),(10105,5,19),(10106,1,23),(10106,2,15),(10106,3,12),(10106,4,4),(10106,5,10),(10107,1,4),(10107,2,5),(10107,3,0),(10107,4,6),(10107,5,16),(10108,1,7),(10108,2,15),(10108,3,0),(10108,4,4),(10108,5,14),(10109,1,16),(10109,2,14),(10109,3,3),(10109,4,6),(10109,5,1),(10110,1,1),(10110,2,0),(10110,3,11),(10110,4,5),(10110,5,9),(10111,1,20),(10111,2,-1),(10111,3,23),(10111,4,9),(10111,5,6),(10112,1,0),(10112,2,4),(10112,3,17),(10112,4,-1),(10112,5,16),(10113,1,17),(10113,2,8),(10113,3,0),(10113,4,-2),(10113,5,9),(10114,1,16),(10114,2,4),(10114,3,25),(10114,4,13),(10114,5,6),(10115,1,5),(10115,2,-2),(10115,3,10),(10115,4,20),(10115,5,4),(10116,1,4),(10116,2,4),(10116,3,15),(10116,4,20),(10116,5,11),(10117,1,7),(10117,2,5),(10117,3,10),(10117,4,2),(10117,5,17),(10118,1,5),(10118,2,13),(10118,3,15),(10118,4,0),(10118,5,16),(10119,1,14),(10119,2,7),(10119,3,0),(10119,4,9),(10119,5,12),(10120,1,0),(10120,2,0),(10120,3,12),(10120,4,5),(10120,5,13),(10121,1,25),(10121,2,-2),(10121,3,0),(10121,4,19),(10121,5,18),(10122,1,0),(10122,2,4),(10122,3,12),(10122,4,0),(10122,5,2),(10123,1,12),(10123,2,14),(10123,3,16),(10123,4,-2),(10123,5,0),(10124,1,7),(10124,2,19),(10124,3,6),(10124,4,0),(10124,5,9),(10125,1,7),(10125,2,0),(10125,3,-2),(10125,4,2),(10125,5,17),(10126,1,0),(10126,2,16),(10126,3,13),(10126,4,12),(10126,5,18),(10127,1,14),(10127,2,6),(10127,3,2),(10127,4,11),(10127,5,1),(10128,1,2),(10128,2,12),(10128,3,20),(10128,4,0),(10128,5,18),(10129,1,8),(10129,2,4),(10129,3,18),(10129,4,-2),(10129,5,20),(10130,1,8),(10130,2,3),(10130,3,-2),(10130,4,2),(10130,5,13),(10131,1,7),(10131,2,14),(10131,3,0),(10131,4,20),(10131,5,4),(10132,1,6),(10132,2,17),(10132,3,12),(10132,4,11),(10132,5,10),(10133,1,3),(10133,2,8),(10133,3,12),(10133,4,4),(10133,5,18),(10134,1,10),(10134,2,7),(10134,3,22),(10134,4,6),(10134,5,7),(10135,1,10),(10135,2,21),(10135,3,4),(10135,4,12),(10135,5,4),(10136,1,6),(10136,2,-1),(10136,3,0),(10136,4,12),(10136,5,11),(10137,1,11),(10137,2,21),(10137,3,15),(10137,4,7),(10137,5,2),(10138,1,17),(10138,2,-1),(10138,3,6),(10138,4,10),(10138,5,0),(10139,1,5),(10139,2,17),(10139,3,0),(10139,4,16),(10139,5,20),(10140,1,14),(10140,2,19),(10140,3,9),(10140,4,4),(10140,5,8),(10141,1,1),(10141,2,0),(10141,3,0),(10141,4,14),(10141,5,8),(10142,1,13),(10142,2,15),(10142,3,14),(10142,4,17),(10142,5,15),(10143,1,22),(10143,2,17),(10143,3,3),(10143,4,1),(10143,5,12),(10144,1,8),(10144,2,0),(10144,3,4),(10144,4,2),(10144,5,9),(10145,1,22),(10145,2,11),(10145,3,7),(10145,4,20),(10145,5,6),(10146,1,1),(10146,2,10),(10146,3,5),(10146,4,4),(10146,5,7),(10147,1,23),(10147,2,0),(10147,3,14),(10147,4,10),(10147,5,9),(10148,1,5),(10148,2,-2),(10148,3,2),(10148,4,12),(10148,5,14),(10149,1,8),(10149,2,4),(10149,3,10),(10149,4,8),(10149,5,3),(10150,1,17),(10150,2,6),(10150,3,9),(10150,4,1),(10150,5,4),(10151,1,17),(10151,2,12),(10151,3,14),(10151,4,10),(10151,5,11),(10152,1,0),(10152,2,11),(10152,3,11),(10152,4,4),(10152,5,10),(10153,1,10),(10153,2,0),(10153,3,11),(10153,4,16),(10153,5,5),(10154,1,9),(10154,2,16),(10154,3,23),(10154,4,19),(10154,5,7),(10155,1,13),(10155,2,15),(10155,3,5),(10155,4,-1),(10155,5,6),(10156,1,5),(10156,2,7),(10156,3,2),(10156,4,7),(10156,5,15),(10157,1,16),(10157,2,-1),(10157,3,3),(10157,4,10),(10157,5,-1),(10158,1,16),(10158,2,16),(10158,3,0),(10158,4,18),(10158,5,2),(10159,1,17),(10159,2,9),(10159,3,15),(10159,4,3),(10159,5,2),(10160,1,21),(10160,2,11),(10160,3,20),(10160,4,9),(10160,5,3),(10161,1,11),(10161,2,8),(10161,3,24),(10161,4,9),(10161,5,16),(10162,1,16),(10162,2,7),(10162,3,8),(10162,4,17),(10162,5,5),(10163,1,6),(10163,2,11),(10163,3,6),(10163,4,8),(10163,5,13),(10164,1,17),(10164,2,13),(10164,3,16),(10164,4,20),(10164,5,10),(10165,1,14),(10165,2,1),(10165,3,13),(10165,4,4),(10165,5,-2),(10166,1,2),(10166,2,2),(10166,3,6),(10166,4,-2),(10166,5,19),(10167,1,10),(10167,2,11),(10167,3,13),(10167,4,-2),(10167,5,17),(10168,1,13),(10168,2,0),(10168,3,15),(10168,4,17),(10168,5,14),(10169,1,13),(10169,2,14),(10169,3,8),(10169,4,10),(10169,5,4),(10170,1,12),(10170,2,9),(10170,3,5),(10170,4,6),(10170,5,10),(10171,1,4),(10171,2,11),(10171,3,-1),(10171,4,0),(10171,5,1),(10172,1,5),(10172,2,13),(10172,3,13),(10172,4,4),(10172,5,1),(10173,1,6),(10173,2,1),(10173,3,3),(10173,4,3),(10173,5,3),(10174,1,8),(10174,2,3),(10174,3,17),(10174,4,5),(10174,5,16),(10175,1,0),(10175,2,3),(10175,3,3),(10175,4,6),(10175,5,9),(10176,1,15),(10176,2,2),(10176,3,4),(10176,4,2),(10176,5,19),(10177,1,17),(10177,2,5),(10177,3,10),(10177,4,-2),(10177,5,4),(10178,1,7),(10178,2,0),(10178,3,2),(10178,4,16),(10178,5,7),(10179,1,7),(10179,2,4),(10179,3,5),(10179,4,7),(10179,5,16),(10180,1,2),(10180,2,-1),(10180,3,3),(10180,4,9),(10180,5,4),(10181,1,0),(10181,2,11),(10181,3,6),(10181,4,12),(10181,5,0),(10182,1,7),(10182,2,15),(10182,3,5),(10182,4,19),(10182,5,10),(10183,1,17),(10183,2,11),(10183,3,6),(10183,4,6),(10183,5,10),(10184,1,17),(10184,2,8),(10184,3,17),(10184,4,17),(10184,5,15),(10185,1,17),(10185,2,18),(10185,3,1),(10185,4,14),(10185,5,17),(10186,1,2),(10186,2,21),(10186,3,7),(10186,4,14),(10186,5,5),(10187,1,9),(10187,2,0),(10187,3,11),(10187,4,17),(10187,5,6),(10188,1,9),(10188,2,15),(10188,3,14),(10188,4,9),(10188,5,4),(10189,1,22),(10189,2,10),(10189,3,10),(10189,4,4),(10189,5,-2),(10190,1,12),(10190,2,8),(10190,3,9),(10190,4,-1),(10190,5,0),(10191,1,6),(10191,2,1),(10191,3,9),(10191,4,0),(10191,5,10),(10192,1,1),(10192,2,0),(10192,3,12),(10192,4,14),(10192,5,14),(10193,1,7),(10193,2,10),(10193,3,0),(10193,4,2),(10193,5,-2),(10194,1,0),(10194,2,12),(10194,3,17),(10194,4,14),(10194,5,3),(10195,1,12),(10195,2,1),(10195,3,14),(10195,4,14),(10195,5,18),(10196,1,7),(10196,2,4),(10196,3,3),(10196,4,14),(10196,5,3),(10197,1,22),(10197,2,0),(10197,3,3),(10197,4,-1),(10197,5,9),(10198,1,3),(10198,2,2),(10198,3,7),(10198,4,-1),(10198,5,10),(10199,1,2),(10199,2,17),(10199,3,3),(10199,4,19),(10199,5,10),(10200,1,16),(10200,2,10),(10200,3,0),(10200,4,20),(10200,5,12),(10201,1,5),(10201,2,11),(10201,3,16),(10201,4,2),(10201,5,18),(10202,1,20),(10202,2,7),(10202,3,8),(10202,4,-2),(10202,5,13),(10203,1,24),(10203,2,17),(10203,3,12),(10203,4,-2),(10203,5,19),(10204,1,8),(10204,2,7),(10204,3,13),(10204,4,16),(10204,5,18),(10205,1,5),(10205,2,16),(10205,3,16),(10205,4,-1),(10205,5,8),(10206,1,11),(10206,2,4),(10206,3,14),(10206,4,18),(10206,5,2),(10207,1,0),(10207,2,4),(10207,3,0),(10207,4,9),(10207,5,1),(10208,1,3),(10208,2,8),(10208,3,7),(10208,4,3),(10208,5,0),(10209,1,8),(10209,2,-2),(10209,3,12),(10209,4,20),(10209,5,16),(10210,1,3),(10210,2,17),(10210,3,9),(10210,4,1),(10210,5,17),(10211,1,3),(10211,2,0),(10211,3,7),(10211,4,20),(10211,5,15),(10212,1,8),(10212,2,5),(10212,3,23),(10212,4,8),(10212,5,12),(10213,1,11),(10213,2,5),(10213,3,9),(10213,4,14),(10213,5,6),(10214,1,9),(10214,2,10),(10214,3,0),(10214,4,3),(10214,5,14),(10215,1,2),(10215,2,16),(10215,3,12),(10215,4,2),(10215,5,11),(10216,1,15),(10216,2,12),(10216,3,8),(10216,4,17),(10216,5,12),(10217,1,10),(10217,2,12),(10217,3,5),(10217,4,-1),(10217,5,-2),(10218,1,21),(10218,2,0),(10218,3,8),(10218,4,3),(10218,5,18),(10219,1,0),(10219,2,11),(10219,3,-2),(10219,4,19),(10219,5,19),(10220,1,18),(10220,2,14),(10220,3,14),(10220,4,8),(10220,5,19),(10221,1,19),(10221,2,12),(10221,3,8),(10221,4,13),(10221,5,0),(10222,1,10),(10222,2,0),(10222,3,9),(10222,4,13),(10222,5,13),(10223,1,14),(10223,2,16),(10223,3,22),(10223,4,-2),(10223,5,20),(10224,1,13),(10224,2,13),(10224,3,17),(10224,4,6),(10224,5,8),(10225,1,1),(10225,2,7),(10225,3,-1),(10225,4,3),(10225,5,9),(10226,1,15),(10226,2,19),(10226,3,16),(10226,4,13),(10226,5,7),(10227,1,5),(10227,2,3),(10227,3,16),(10227,4,0),(10227,5,13),(10228,1,4),(10228,2,11),(10228,3,0),(10228,4,17),(10228,5,5),(10229,1,9),(10229,2,13),(10229,3,2),(10229,4,1),(10229,5,3),(10230,1,18),(10230,2,7),(10230,3,12),(10230,4,16),(10230,5,9),(10231,1,0),(10231,2,3),(10231,3,16),(10231,4,0),(10231,5,18),(10232,1,8),(10232,2,6),(10232,3,7),(10232,4,16),(10232,5,5),(10233,1,18),(10233,2,6),(10233,3,1),(10233,4,17),(10233,5,1),(10234,1,8),(10234,2,11),(10234,3,20),(10234,4,4),(10234,5,5),(10235,1,19),(10235,2,4),(10235,3,11),(10235,4,17),(10235,5,15),(10236,1,14),(10236,2,5),(10236,3,17),(10236,4,6),(10236,5,2),(10237,1,0),(10237,2,9),(10237,3,0),(10237,4,-2),(10237,5,6),(10238,1,10),(10238,2,10),(10238,3,1),(10238,4,5),(10238,5,1),(10239,1,16),(10239,2,12),(10239,3,2),(10239,4,4),(10239,5,19),(10240,1,11),(10240,2,10),(10240,3,1),(10240,4,15),(10240,5,14),(10241,1,16),(10241,2,5),(10241,3,12),(10241,4,5),(10241,5,6),(10242,1,2),(10242,2,-1),(10242,3,0),(10242,4,-2),(10242,5,-2),(10243,1,17),(10243,2,17),(10243,3,12),(10243,4,8),(10243,5,18),(10244,1,3),(10244,2,5),(10244,3,22),(10244,4,15),(10244,5,17),(10245,1,2),(10245,2,12),(10245,3,5),(10245,4,20),(10245,5,10),(10246,1,8),(10246,2,8),(10246,3,14),(10246,4,7),(10246,5,13),(10247,1,2),(10247,2,0),(10247,3,0),(10247,4,0),(10247,5,10),(10248,1,0),(10248,2,13),(10248,3,3),(10248,4,4),(10248,5,11),(10249,1,11),(10249,2,2),(10249,3,9),(10249,4,13),(10249,5,0),(10250,1,-1),(10250,2,1),(10250,3,0),(10250,4,13),(10250,5,3),(10251,1,9),(10251,2,12),(10251,3,4),(10251,4,17),(10251,5,15),(10252,1,4),(10252,2,13),(10252,3,17),(10252,4,14),(10252,5,16),(10253,1,0),(10253,2,12),(10253,3,11),(10253,4,-1),(10253,5,2),(10254,1,8),(10254,2,14),(10254,3,11),(10254,4,-2),(10254,5,12),(10255,1,9),(10255,2,7),(10255,3,7),(10255,4,13),(10255,5,-1),(10256,1,9),(10256,2,1),(10256,3,5),(10256,4,9),(10256,5,7),(10257,1,4),(10257,2,9),(10257,3,20),(10257,4,2),(10257,5,15),(10258,1,13),(10258,2,9),(10258,3,5),(10258,4,2),(10258,5,10),(10259,1,0),(10259,2,18),(10259,3,12),(10259,4,20),(10259,5,2),(10260,1,16),(10260,2,7),(10260,3,1),(10260,4,6),(10260,5,20),(10261,1,9),(10261,2,0),(10261,3,4),(10261,4,6),(10261,5,-2),(10262,1,7),(10262,2,0),(10262,3,0),(10262,4,0),(10262,5,19),(10263,1,0),(10263,2,1),(10263,3,13),(10263,4,16),(10263,5,-2),(10264,1,13),(10264,2,12),(10264,3,11),(10264,4,13),(10264,5,15),(10265,1,1),(10265,2,10),(10265,3,14),(10265,4,13),(10265,5,12),(10266,1,2),(10266,2,14),(10266,3,6),(10266,4,0),(10266,5,14),(10267,1,22),(10267,2,1),(10267,3,0),(10267,4,17),(10267,5,8),(10268,1,14),(10268,2,16),(10268,3,4),(10268,4,19),(10268,5,18),(10269,1,4),(10269,2,2),(10269,3,14),(10269,4,-2),(10269,5,19),(10270,1,19),(10270,2,5),(10270,3,15),(10270,4,17),(10270,5,14),(10271,1,8),(10271,2,4),(10271,3,9),(10271,4,8),(10271,5,10),(10272,1,14),(10272,2,19),(10272,3,17),(10272,4,14),(10272,5,-2),(10273,1,0),(10273,2,0),(10273,3,6),(10273,4,5),(10273,5,-1),(10274,1,9),(10274,2,13),(10274,3,6),(10274,4,1),(10274,5,6),(10275,1,0),(10275,2,-1),(10275,3,25),(10275,4,3),(10275,5,0),(10276,1,16),(10276,2,8),(10276,3,21),(10276,4,5),(10276,5,-2),(10277,1,-1),(10277,2,16),(10277,3,9),(10277,4,17),(10277,5,18),(10278,1,5),(10278,2,9),(10278,3,7),(10278,4,0),(10278,5,13),(10279,1,14),(10279,2,16),(10279,3,8),(10279,4,13),(10279,5,20),(10280,1,9),(10280,2,18),(10280,3,12),(10280,4,0),(10280,5,3),(10281,1,15),(10281,2,4),(10281,3,4),(10281,4,15),(10281,5,14),(10282,1,6),(10282,2,0),(10282,3,7),(10282,4,11),(10282,5,2),(10283,1,21),(10283,2,6),(10283,3,0),(10283,4,15),(10283,5,2),(10284,1,11),(10284,2,12),(10284,3,0),(10284,4,-1),(10284,5,3),(10285,1,18),(10285,2,7),(10285,3,-1),(10285,4,19),(10285,5,0),(10286,1,0),(10286,2,14),(10286,3,5),(10286,4,0),(10286,5,18),(10287,1,2),(10287,2,0),(10287,3,3),(10287,4,13),(10287,5,20),(10288,1,2),(10288,2,14),(10288,3,6),(10288,4,6),(10288,5,2),(10289,1,7),(10289,2,0),(10289,3,9),(10289,4,1),(10289,5,18),(10290,1,-1),(10290,2,0),(10290,3,4),(10290,4,-2),(10290,5,2),(10291,1,0),(10291,2,12),(10291,3,10),(10291,4,1),(10291,5,7),(10292,1,2),(10292,2,18),(10292,3,4),(10292,4,-2),(10292,5,7),(10293,1,12),(10293,2,17),(10293,3,10),(10293,4,11),(10293,5,16),(10294,1,0),(10294,2,3),(10294,3,7),(10294,4,18),(10294,5,14),(10295,1,0),(10295,2,10),(10295,3,2),(10295,4,13),(10295,5,18),(10296,1,3),(10296,2,5),(10296,3,-1),(10296,4,17),(10296,5,11),(10297,1,1),(10297,2,4),(10297,3,2),(10297,4,5),(10297,5,6),(10298,1,5),(10298,2,3),(10298,3,18),(10298,4,4),(10298,5,11),(10299,1,0),(10299,2,15),(10299,3,24),(10299,4,0),(10299,5,-2),(10300,1,1),(10300,2,19),(10300,3,0),(10300,4,14),(10300,5,16),(10301,1,1),(10301,2,4),(10301,3,0),(10301,4,-2),(10301,5,10),(10302,1,4),(10302,2,10),(10302,3,11),(10302,4,13),(10302,5,10),(10303,1,15),(10303,2,-2),(10303,3,5),(10303,4,9),(10303,5,1),(10304,1,8),(10304,2,15),(10304,3,-1),(10304,4,16),(10304,5,-2),(10305,1,5),(10305,2,21),(10305,3,1),(10305,4,19),(10305,5,14),(10306,1,-2),(10306,2,0),(10306,3,9),(10306,4,20),(10306,5,5),(10307,1,9),(10307,2,-2),(10307,3,11),(10307,4,19),(10307,5,-1),(10308,1,12),(10308,2,3),(10308,3,2),(10308,4,11),(10308,5,5),(10309,1,2),(10309,2,15),(10309,3,5),(10309,4,3),(10309,5,4),(10310,1,22),(10310,2,6),(10310,3,0),(10310,4,3),(10310,5,-1),(10311,1,-1),(10311,2,0),(10311,3,24),(10311,4,10),(10311,5,19),(10312,1,3),(10312,2,-2),(10312,3,15),(10312,4,16),(10312,5,19),(10313,1,17),(10313,2,11),(10313,3,9),(10313,4,19),(10313,5,0),(10314,1,1),(10314,2,-1),(10314,3,11),(10314,4,5),(10314,5,15),(10315,1,2),(10315,2,7),(10315,3,23),(10315,4,-1),(10315,5,9),(10316,1,11),(10316,2,10),(10316,3,13),(10316,4,18),(10316,5,-2),(10317,1,14),(10317,2,0),(10317,3,23),(10317,4,-2),(10317,5,19),(10318,1,1),(10318,2,5),(10318,3,8),(10318,4,12),(10318,5,9),(10319,1,15),(10319,2,12),(10319,3,0),(10319,4,-2),(10319,5,2),(10320,1,6),(10320,2,10),(10320,3,0),(10320,4,2),(10320,5,4),(10321,1,7),(10321,2,8),(10321,3,10),(10321,4,13),(10321,5,17),(10322,1,4),(10322,2,10),(10322,3,9),(10322,4,16),(10322,5,12),(10323,1,11),(10323,2,-1),(10323,3,9),(10323,4,1),(10323,5,8),(10324,1,3),(10324,2,0),(10324,3,-1),(10324,4,0),(10324,5,5),(10325,1,1),(10325,2,12),(10325,3,6),(10325,4,14),(10325,5,18),(10326,1,13),(10326,2,11),(10326,3,10),(10326,4,14),(10326,5,4),(10327,1,0),(10327,2,0),(10327,3,2),(10327,4,9),(10327,5,16),(10328,1,13),(10328,2,12),(10328,3,0),(10328,4,11),(10328,5,20),(10329,1,20),(10329,2,0),(10329,3,3),(10329,4,18),(10329,5,8),(10330,1,-1),(10330,2,14),(10330,3,10),(10330,4,3),(10330,5,8),(10331,1,7),(10331,2,3),(10331,3,-1),(10331,4,0),(10331,5,18),(10332,1,14),(10332,2,16),(10332,3,-1),(10332,4,6),(10332,5,1),(10333,1,4),(10333,2,2),(10333,3,9),(10333,4,2),(10333,5,5),(10334,1,8),(10334,2,9),(10334,3,14),(10334,4,14),(10334,5,0),(10335,1,4),(10335,2,2),(10335,3,20),(10335,4,11),(10335,5,19),(10336,1,11),(10336,2,5),(10336,3,10),(10336,4,18),(10336,5,18),(10337,1,11),(10337,2,11),(10337,3,11),(10337,4,0),(10337,5,-1),(10338,1,7),(10338,2,16),(10338,3,18),(10338,4,-2),(10338,5,9),(10339,1,0),(10339,2,-1),(10339,3,8),(10339,4,17),(10339,5,3),(10340,1,2),(10340,2,1),(10340,3,19),(10340,4,18),(10340,5,-1),(10341,1,8),(10341,2,1),(10341,3,1),(10341,4,20),(10341,5,18),(10342,1,1),(10342,2,8),(10342,3,3),(10342,4,-2),(10342,5,-2),(10343,1,6),(10343,2,8),(10343,3,14),(10343,4,0),(10343,5,9),(10344,1,12),(10344,2,5),(10344,3,-2),(10344,4,15),(10344,5,19),(10345,1,4),(10345,2,17),(10345,3,5),(10345,4,7),(10345,5,9),(10346,1,6),(10346,2,4),(10346,3,19),(10346,4,19),(10346,5,14),(10347,1,14),(10347,2,8),(10347,3,16),(10347,4,0),(10347,5,7),(10348,1,8),(10348,2,0),(10348,3,5),(10348,4,5),(10348,5,13),(10349,1,1),(10349,2,11),(10349,3,2),(10349,4,11),(10349,5,12),(10350,1,0),(10350,2,8),(10350,3,0),(10350,4,15),(10350,5,12),(10351,1,11),(10351,2,13),(10351,3,5),(10351,4,12),(10351,5,16),(10352,1,12),(10352,2,12),(10352,3,19),(10352,4,19),(10352,5,9),(10353,1,0),(10353,2,11),(10353,3,5),(10353,4,20),(10353,5,20),(10354,1,14),(10354,2,7),(10354,3,14),(10354,4,-1),(10354,5,17),(10355,1,5),(10355,2,4),(10355,3,12),(10355,4,7),(10355,5,0),(10356,1,8),(10356,2,0),(10356,3,13),(10356,4,-1),(10356,5,2),(10357,1,8),(10357,2,16),(10357,3,6),(10357,4,14),(10357,5,16),(10358,1,4),(10358,2,0),(10358,3,1),(10358,4,5),(10358,5,4),(10359,1,5),(10359,2,8),(10359,3,22),(10359,4,-2),(10359,5,18),(10360,1,13),(10360,2,13),(10360,3,15),(10360,4,6),(10360,5,6),(10361,1,1),(10361,2,25),(10361,3,0),(10361,4,8),(10361,5,4),(10362,1,0),(10362,2,9),(10362,3,10),(10362,4,19),(10362,5,15),(10363,1,-1),(10363,2,7),(10363,3,21),(10363,4,13),(10363,5,1),(10364,1,7),(10364,2,1),(10364,3,13),(10364,4,4),(10364,5,11),(10365,1,13),(10365,2,12),(10365,3,5),(10365,4,7),(10365,5,15),(10366,1,4),(10366,2,5),(10366,3,7),(10366,4,20),(10366,5,6),(10367,1,2),(10367,2,3),(10367,3,15),(10367,4,0),(10367,5,18),(10368,1,19),(10368,2,17),(10368,3,19),(10368,4,15),(10368,5,-1),(10369,1,9),(10369,2,4),(10369,3,7),(10369,4,10),(10369,5,17),(10370,1,6),(10370,2,1),(10370,3,0),(10370,4,4),(10370,5,12),(10371,1,0),(10371,2,17),(10371,3,2),(10371,4,1),(10371,5,4),(10372,1,-2),(10372,2,3),(10372,3,2),(10372,4,10),(10372,5,9),(10373,1,3),(10373,2,3),(10373,3,-2),(10373,4,17),(10373,5,5),(10374,1,5),(10374,2,1),(10374,3,6),(10374,4,-2),(10374,5,12),(10375,1,1),(10375,2,4),(10375,3,19),(10375,4,5),(10375,5,0),(10376,1,-1),(10376,2,6),(10376,3,-1),(10376,4,11),(10376,5,11),(10377,1,2),(10377,2,6),(10377,3,6),(10377,4,13),(10377,5,14),(10378,1,1),(10378,2,11),(10378,3,14),(10378,4,11),(10378,5,1),(10379,1,15),(10379,2,12),(10379,3,18),(10379,4,9),(10379,5,15),(10380,1,13),(10380,2,9),(10380,3,6),(10380,4,16),(10380,5,5),(10381,1,6),(10381,2,0),(10381,3,8),(10381,4,20),(10381,5,1),(10382,1,18),(10382,2,5),(10382,3,4),(10382,4,12),(10382,5,-1),(10383,1,14),(10383,2,3),(10383,3,13),(10383,4,-1),(10383,5,3),(10384,1,2),(10384,2,0),(10384,3,16),(10384,4,-1),(10384,5,19),(10385,1,15),(10385,2,16),(10385,3,8),(10385,4,20),(10385,5,7),(10386,1,4),(10386,2,21),(10386,3,2),(10386,4,19),(10386,5,1),(10387,1,9),(10387,2,0),(10387,3,6),(10387,4,16),(10387,5,19),(10388,1,3),(10388,2,22),(10388,3,8),(10388,4,19),(10388,5,15),(10389,1,12),(10389,2,16),(10389,3,9),(10389,4,19),(10389,5,9),(10390,1,2),(10390,2,11),(10390,3,14),(10390,4,14),(10390,5,-1),(10391,1,7),(10391,2,13),(10391,3,4),(10391,4,17),(10391,5,7),(10392,1,10),(10392,2,1),(10392,3,1),(10392,4,7),(10392,5,1),(10393,1,14),(10393,2,14),(10393,3,3),(10393,4,3),(10393,5,11),(10394,1,2),(10394,2,6),(10394,3,2),(10394,4,12),(10394,5,13),(10395,1,-2),(10395,2,13),(10395,3,13),(10395,4,19),(10395,5,12),(10396,1,3),(10396,2,10),(10396,3,7),(10396,4,8),(10396,5,5),(10397,1,4),(10397,2,12),(10397,3,3),(10397,4,2),(10397,5,11),(10398,1,9),(10398,2,11),(10398,3,17),(10398,4,-2),(10398,5,20),(10399,1,13),(10399,2,8),(10399,3,3),(10399,4,5),(10399,5,5),(10400,1,6),(10400,2,19),(10400,3,11),(10400,4,18),(10400,5,18),(10401,1,7),(10401,2,11),(10401,3,19),(10401,4,9),(10401,5,13),(10402,1,10),(10402,2,11),(10402,3,6),(10402,4,9),(10402,5,10),(10403,1,4),(10403,2,12),(10403,3,0),(10403,4,2),(10403,5,15),(10404,1,5),(10404,2,0),(10404,3,1),(10404,4,4),(10404,5,12),(10405,1,14),(10405,2,11),(10405,3,11),(10405,4,1),(10405,5,18),(10406,1,12),(10406,2,3),(10406,3,0),(10406,4,3),(10406,5,10),(10407,1,-1),(10407,2,14),(10407,3,9),(10407,4,10),(10407,5,6),(10408,1,8),(10408,2,18),(10408,3,19),(10408,4,17),(10408,5,12),(10409,1,11),(10409,2,18),(10409,3,17),(10409,4,12),(10409,5,10),(10410,1,6),(10410,2,0),(10410,3,0),(10410,4,0),(10410,5,-2),(10411,1,0),(10411,2,13),(10411,3,1),(10411,4,20),(10411,5,4),(10412,1,8),(10412,2,6),(10412,3,2),(10412,4,5),(10412,5,6),(10413,1,16),(10413,2,16),(10413,3,7),(10413,4,17),(10413,5,-2),(10414,1,0),(10414,2,0),(10414,3,16),(10414,4,13),(10414,5,9),(10415,1,12),(10415,2,3),(10415,3,9),(10415,4,10),(10415,5,5),(10416,1,14),(10416,2,20),(10416,3,21),(10416,4,15),(10416,5,8),(10417,1,9),(10417,2,0),(10417,3,2),(10417,4,7),(10417,5,16),(10418,1,1),(10418,2,11),(10418,3,17),(10418,4,16),(10418,5,14),(10419,1,0),(10419,2,13),(10419,3,12),(10419,4,14),(10419,5,5),(10420,1,10),(10420,2,12),(10420,3,4),(10420,4,16),(10420,5,17),(10421,1,8),(10421,2,0),(10421,3,-1),(10421,4,20),(10421,5,14),(10422,1,6),(10422,2,7),(10422,3,0),(10422,4,2),(10422,5,14),(10423,1,5),(10423,2,5),(10423,3,16),(10423,4,18),(10423,5,17),(10424,1,-1),(10424,2,0),(10424,3,5),(10424,4,20),(10424,5,9),(10425,1,6),(10425,2,13),(10425,3,5),(10425,4,6),(10425,5,4),(10426,1,7),(10426,2,14),(10426,3,3),(10426,4,9),(10426,5,-1),(10427,1,4),(10427,2,3),(10427,3,16),(10427,4,18),(10427,5,0),(10428,1,6),(10428,2,3),(10428,3,1),(10428,4,-2),(10428,5,14),(10429,1,10),(10429,2,0),(10429,3,13),(10429,4,-2),(10429,5,2),(10430,1,9),(10430,2,16),(10430,3,18),(10430,4,12),(10430,5,14),(10431,1,2),(10431,2,11),(10431,3,8),(10431,4,-1),(10431,5,14),(10432,1,1),(10432,2,13),(10432,3,18),(10432,4,19),(10432,5,14),(10433,1,8),(10433,2,1),(10433,3,2),(10433,4,13),(10433,5,-1),(10434,1,10),(10434,2,10),(10434,3,9),(10434,4,5),(10434,5,-1),(10435,1,0),(10435,2,7),(10435,3,5),(10435,4,10),(10435,5,19),(10436,1,5),(10436,2,4),(10436,3,9),(10436,4,18),(10436,5,20),(10437,1,0),(10437,2,3),(10437,3,12),(10437,4,-2),(10437,5,2),(10438,1,4),(10438,2,5),(10438,3,15),(10438,4,13),(10438,5,-2),(10439,1,11),(10439,2,20),(10439,3,4),(10439,4,4),(10439,5,-2),(10440,1,0),(10440,2,1),(10440,3,0),(10440,4,2),(10440,5,16),(10441,1,14),(10441,2,10),(10441,3,13),(10441,4,19),(10441,5,-1);
/*!40000 ALTER TABLE `clasificacion_jug` ENABLE KEYS */;
UNLOCK TABLES;

--
-- Table structure for table `entrenadores`
--

DROP TABLE IF EXISTS `entrenadores`;
/*!40101 SET @saved_cs_client     = @@character_set_client */;
/*!50503 SET character_set_client = utf8mb4 */;
CREATE TABLE `entrenadores` (
  `ID_ENTRENADORES` int NOT NULL,
  `NOMBRE` varchar(45) DEFAULT NULL,
  `NACIONALIDAD` varchar(45) DEFAULT NULL,
  `EQUIPO` varchar(45) DEFAULT NULL,
  `VALOR` int DEFAULT NULL,
  `ID_PROPIETARIO` int DEFAULT NULL,
  PRIMARY KEY (`ID_ENTRENADORES`),
  KEY `fk_ENTRENADORES_USUARIO1_idx` (`ID_PROPIETARIO`),
  CONSTRAINT `fk_ENTRENADORES_USUARIO1` FOREIGN KEY (`ID_PROPIETARIO`) REFERENCES `usuario` (`ID_USUARIO`) ON DELETE CASCADE ON UPDATE CASCADE
) ENGINE=InnoDB DEFAULT CHARSET=utf8mb3;
/*!40101 SET character_set_client = @saved_cs_client */;

--
-- Dumping data for table `entrenadores`
--

LOCK TABLES `entrenadores` WRITE;
/*!40000 ALTER TABLE `entrenadores` DISABLE KEYS */;
INSERT INTO `entrenadores` VALUES (20001,'Eduardo Coudet','Argentino','Deportivo Alaves',850000,102),(20002,'Ernesto Valverde','Español','Athletic Club',730000,105),(20003,'Diego Pablo Simeone','Argentino','Atletico de Madrid',1000000,104),(20004,'Hansi Flick','Aleman','FC Barcelona',970000,113),(20005,'Sergio Gonzalez','Español','Cadiz CF',410000,103),(20006,'Rafa Benitez','Español','RC Celta de Vigo',680000,101),(20007,'Jose Bordalas','Español','Getafe CF',570000,119),(20008,'Michel Sanchez','Español','Girona FC',490000,112),(20009,'Diego Martinez','Español','UD Las Palmas',320000,116),(20010,'Borja Jimenez','Español','CD Leganes',380000,118),(20011,'Jagoba Arrasate','Español','RCD Mallorca',450000,111),(20012,'Manuel Pellegrini','Chileno','Real Betis Balompie',910000,106),(20013,'Carlo Ancelotti','Italiano','Real Madrid CF',1000000,115),(20014,'Imanol Alguacil','Español','Real Sociedad',610000,110),(20015,'Francisco Rodriguez','Español','Rayo Vallecano',390000,114),(20016,'Garcia Pimienta','Español','Sevilla FC',470000,117),(20017,'Vicente Moreno','Español','CA Osasuna',510000,109),(20018,'Ruben Baraja','Español','Valencia CF',530000,120),(20019,'Diego Cocca','Argentino','Real Valladolid CF',610000,108),(20020,'Quique Setien','Español','Villarreal CF',750000,107);
/*!40000 ALTER TABLE `entrenadores` ENABLE KEYS */;
UNLOCK TABLES;

--
-- Table structure for table `jornadas`
--

DROP TABLE IF EXISTS `jornadas`;
/*!40101 SET @saved_cs_client     = @@character_set_client */;
/*!50503 SET character_set_client = utf8mb4 */;
CREATE TABLE `jornadas` (
  `NUM_JORNADA` int NOT NULL,
  `FECHA_INICIO` date DEFAULT NULL,
  `FECHA_FINAL` date DEFAULT NULL,
  PRIMARY KEY (`NUM_JORNADA`)
) ENGINE=InnoDB DEFAULT CHARSET=utf8mb3;
/*!40101 SET character_set_client = @saved_cs_client */;

--
-- Dumping data for table `jornadas`
--

LOCK TABLES `jornadas` WRITE;
/*!40000 ALTER TABLE `jornadas` DISABLE KEYS */;
INSERT INTO `jornadas` VALUES (1,'2024-08-16','2024-08-18'),(2,'2024-08-23','2024-08-25'),(3,'2024-08-30','2024-09-01'),(4,'2024-09-06','2024-09-08'),(5,'2024-09-13','2024-09-15'),(6,'2024-09-20','2024-09-22'),(7,'2024-09-27','2024-09-29'),(8,'2024-10-04','2024-10-06'),(9,'2024-10-11','2024-10-13'),(10,'2024-10-18','2024-10-20'),(11,'2024-10-25','2024-10-27'),(12,'2024-11-01','2024-11-03'),(13,'2024-11-08','2024-11-10'),(14,'2024-11-15','2024-11-17'),(15,'2024-11-22','2024-11-24'),(16,'2024-11-29','2024-12-01'),(17,'2024-12-06','2024-12-08'),(18,'2024-12-13','2024-12-15'),(19,'2024-12-20','2024-12-22'),(20,'2024-12-27','2024-12-29'),(21,'2025-01-03','2025-01-05'),(22,'2025-01-10','2025-01-12'),(23,'2025-01-17','2025-01-19'),(24,'2025-01-24','2025-01-26'),(25,'2025-01-31','2025-02-02'),(26,'2025-02-07','2025-02-09'),(27,'2025-02-14','2025-02-16'),(28,'2025-02-21','2025-02-23'),(29,'2025-02-28','2025-03-02'),(30,'2025-03-07','2025-03-09'),(31,'2025-03-14','2025-03-16'),(32,'2025-03-21','2025-03-23'),(33,'2025-03-28','2025-03-30'),(34,'2025-04-04','2025-04-06'),(35,'2025-04-11','2025-04-13'),(36,'2025-04-18','2025-04-20'),(37,'2025-04-25','2025-04-27'),(38,'2025-05-02','2025-05-04'),(39,'2025-05-09','2025-05-11'),(40,'2025-05-16','2025-05-18');
/*!40000 ALTER TABLE `jornadas` ENABLE KEYS */;
UNLOCK TABLES;

--
-- Table structure for table `jugadores`
--

DROP TABLE IF EXISTS `jugadores`;
/*!40101 SET @saved_cs_client     = @@character_set_client */;
/*!50503 SET character_set_client = utf8mb4 */;
CREATE TABLE `jugadores` (
  `ID_JUGADORES` int NOT NULL,
  `NOMBRE` varchar(45) DEFAULT NULL,
  `NACIONALIDAD` varchar(45) DEFAULT NULL,
  `POSICION` varchar(25) DEFAULT NULL,
  `EQUIPO` varchar(45) DEFAULT NULL,
  `GOLES` int DEFAULT NULL,
  `ASISTENCIAS` int DEFAULT NULL,
  `VALOR` int DEFAULT NULL,
  `ID_PROPIETARIO` int DEFAULT NULL,
  PRIMARY KEY (`ID_JUGADORES`),
  KEY `fk_JUGADORES_USUARIO1_idx` (`ID_PROPIETARIO`),
  CONSTRAINT `fk_JUGADORES_USUARIO1` FOREIGN KEY (`ID_PROPIETARIO`) REFERENCES `usuario` (`ID_USUARIO`) ON DELETE CASCADE ON UPDATE CASCADE
) ENGINE=InnoDB DEFAULT CHARSET=utf8mb3;
/*!40101 SET character_set_client = @saved_cs_client */;

--
-- Dumping data for table `jugadores`
--

LOCK TABLES `jugadores` WRITE;
/*!40000 ALTER TABLE `jugadores` DISABLE KEYS */;
INSERT INTO `jugadores` VALUES (10001,'Thibaut Courtois','Belga','Portero','Real Madrid CF',0,0,53600000,102),(10002,'Andriy Lunin','Ucraniano','Portero','Real Madrid CF',0,0,5030000,108),(10003,'Dani Carvajal','Español','Defensa','Real Madrid CF',5,9,27900000,103),(10004,'Lucas Vazquez','Español','Defensa','Real Madrid CF',14,11,12800000,107),(10005,'Antonio Rüdiger','Aleman','Defensa','Real Madrid CF',4,2,57100000,118),(10006,'David Alaba','Austriaco','Defensa','Real Madrid CF',23,13,46900000,105),(10007,'Eder Militão','Brasileño','Defensa','Real Madrid CF',7,9,43600000,116),(10008,'Ferland Mendy','Frances','Defensa','Real Madrid CF',26,4,18900000,108),(10009,'Fran Garcia','Español','Defensa','Real Madrid CF',4,19,5690000,118),(10010,'Aurelien Tchouameni','Frances','Centrocampista','Real Madrid CF',27,3,86500000,101),(10011,'Eduardo Camavinga','Frances','Centrocampista','Real Madrid CF',4,0,23000000,103),(10012,'Federico Valverde','Uruguayo','Centrocampista','Real Madrid CF',5,4,72600000,120),(10013,'Luka Modrić','Croata','Centrocampista','Real Madrid CF',29,16,10600000,107),(10014,'Toni Kroos','Aleman','Centrocampista','Real Madrid CF',13,0,84800000,104),(10015,'Jude Bellingham','Ingles','Centrocampista','Real Madrid CF',3,11,96100000,116),(10016,'Brahim Diaz','Español','Centrocampista','Real Madrid CF',13,10,5900000,108),(10017,'Vinicius Junior','Brasileño','Delantero','Real Madrid CF',24,14,183000000,103),(10018,'Rodrygo Goes','Brasileño','Delantero','Real Madrid CF',26,12,62100000,120),(10019,'Joselu','Español','Delantero','Real Madrid CF',2,16,25000000,107),(10020,'Kylian Mbappe','Frances','Delantero','Real Madrid CF',12,12,171300000,120),(10021,'Marc-Andre ter Stegen','Aleman','Portero','FC Barcelona',0,0,58400000,112),(10022,'Iñaki Peña','Español','Portero','FC Barcelona',0,0,748000,NULL),(10023,'Wojciech Szczęsny','Polaco','Portero','FC Barcelona',0,0,3610000,105),(10024,'Ander Astralaga','Español','Portero','FC Barcelona',0,0,410000,120),(10025,'Aron Yaakobishvili','Hungaro','Portero','FC Barcelona',0,0,579000,102),(10026,'Jules Kounde','Frances','Defensa','FC Barcelona',0,1,70200000,NULL),(10027,'Ronald Araujo','Uruguayo','Defensa','FC Barcelona',17,9,10900000,104),(10028,'Andreas Christensen','Danes','Defensa','FC Barcelona',1,10,5500000,118),(10029,'Iñigo Martinez','Español','Defensa','FC Barcelona',8,17,34900000,108),(10030,'Alejandro Balde','Español','Defensa','FC Barcelona',21,16,4900000,107),(10031,'Sergi Roberto','Español','Defensa','FC Barcelona',25,8,10500000,105),(10032,'Eric Garcia','Español','Defensa','FC Barcelona',26,6,29400000,118),(10033,'Pau Cubarsi','Español','Defensa','FC Barcelona',4,2,38400000,101),(10034,'Gerard Martin','Español','Defensa','FC Barcelona',12,2,7430000,111),(10035,'Frenkie de Jong','Neerlandes','Centrocampista','FC Barcelona',28,8,62500000,112),(10036,'Gavi','Español','Centrocampista','FC Barcelona',21,0,31700000,104),(10037,'Pedri','Español','Centrocampista','FC Barcelona',7,3,8000000,NULL),(10038,'Ilkay Gündogan','Aleman','Centrocampista','FC Barcelona',25,7,12000000,102),(10039,'Marc Casado','Español','Centrocampista','FC Barcelona',4,16,12500000,NULL),(10040,'Marc Bernal','Español','Centrocampista','FC Barcelona',27,14,36700000,105),(10041,'Lamine Yamal','Español','Delantero','FC Barcelona',5,9,89500000,NULL),(10042,'Raphinha','Brasileño','Delantero','FC Barcelona',28,1,94700000,108),(10043,'Robert Lewandowski','Polaco','Delantero','FC Barcelona',19,9,36000000,118),(10044,'Ferran Torres','Español','Delantero','FC Barcelona',27,6,26900000,NULL),(10045,'Ansu Fati','Español','Delantero','FC Barcelona',20,19,76600000,101),(10046,'Jan Oblak','Esloveno','Portero','Atletico de Madrid',0,0,97700000,120),(10047,'Juan Musso','Argentino','Portero','Atletico de Madrid',0,0,291000,104),(10048,'Antonio Gomis','Español','Portero','Atletico de Madrid',0,0,420000,107),(10049,'Alejandro Iturbe','Español','Portero','Atletico de Madrid',0,0,120000,102),(10050,'Nahuel Molina','Argentino','Defensa','Atletico de Madrid',2,20,3300000,NULL),(10051,'Jose Maria Gimenez','Uruguayo','Defensa','Atletico de Madrid',1,12,74600000,NULL),(10052,'Mario Hermoso','Español','Defensa','Atletico de Madrid',10,5,13200000,120),(10053,'Stefan Savić','Montenegrino','Defensa','Atletico de Madrid',8,17,34900000,112),(10054,'Reinildo Mandava','Mozambiqueño','Defensa','Atletico de Madrid',20,19,67200000,NULL),(10055,'Cesar Azpilicueta','Español','Defensa','Atletico de Madrid',16,18,48000000,120),(10056,'Javi Galan','Español','Defensa','Atletico de Madrid',28,5,18700000,NULL),(10057,'Robin Le Normand','Español','Defensa','Atletico de Madrid',13,14,16900000,112),(10058,'Clement Lenglet','Frances','Defensa','Atletico de Madrid',25,6,24900000,NULL),(10059,'Koke Resurreccion','Español','Centrocampista','Atletico de Madrid',25,11,25700000,101),(10060,'Rodrigo de Paul','Argentino','Centrocampista','Atletico de Madrid',23,19,48500000,NULL),(10061,'Marcos Llorente','Español','Centrocampista','Atletico de Madrid',5,14,19400000,105),(10062,'Thomas Lemar','Frances','Centrocampista','Atletico de Madrid',24,8,12100000,108),(10063,'Pablo Barrios','Español','Centrocampista','Atletico de Madrid',11,19,91400000,107),(10064,'Conor Gallagher','Ingles','Centrocampista','Atletico de Madrid',16,12,36400000,104),(10065,'Antoine Griezmann','Frances','Delantero','Atletico de Madrid',7,16,71600000,NULL),(10066,'Alvaro Morata','Español','Delantero','Atletico de Madrid',5,5,5500000,104),(10067,'Memphis Depay','Neerlandes','Delantero','Atletico de Madrid',6,9,140300000,NULL),(10068,'Angel Correa','Argentino','Delantero','Atletico de Madrid',20,2,9600000,112),(10069,'Samuel Lino','Brasileño','Delantero','Atletico de Madrid',2,18,400000,NULL),(10070,'Julian alvarez','Argentino','Delantero','Atletico de Madrid',0,9,79500000,112),(10071,'Giuliano Simeone','Argentino','Delantero','Atletico de Madrid',17,9,8800000,116),(10072,'Unai Simon','Español','Portero','Athletic Club',0,1,29600000,112),(10073,'Julen Agirrezabala','Español','Portero','Athletic Club',0,0,7600000,NULL),(10074,'Oier Gastesi','Español','Portero','Athletic Club',0,0,358000,101),(10075,'Alejandro Padilla','Español','Portero','Athletic Club',0,0,926000,NULL),(10076,'oscar de Marcos','Español','Defensa','Athletic Club',25,2,36800000,NULL),(10077,'Dani Vivian','Español','Defensa','Athletic Club',27,6,16900000,106),(10078,'Aitor Paredes','Español','Defensa','Athletic Club',27,13,18300000,NULL),(10079,'Yeray alvarez','Español','Defensa','Athletic Club',12,12,30400000,105),(10080,'Yuri Berchiche','Español','Defensa','Athletic Club',21,13,13200000,NULL),(10081,'Iñigo Lekue','Español','Defensa','Athletic Club',12,19,22600000,108),(10082,'Mikel Balenziaga','Español','Defensa','Athletic Club',20,16,66300000,118),(10083,'Ander Capa','Español','Defensa','Athletic Club',22,11,39000000,103),(10084,'Mikel Vesga','Español','Centrocampista','Athletic Club',20,7,8100000,113),(10085,'Oihan Sancet','Español','Centrocampista','Athletic Club',6,20,17300000,113),(10086,'Unai Vencedor','Español','Centrocampista','Athletic Club',28,19,8600000,112),(10087,'Iker Muniain','Español','Centrocampista','Athletic Club',17,6,96300000,102),(10088,'Ander Herrera','Español','Centrocampista','Athletic Club',27,13,5100000,118),(10089,'Alex Berenguer','Español','Delantero','Athletic Club',12,5,73900000,117),(10090,'Iñaki Williams','Ghanes','Delantero','Athletic Club',30,9,36100000,118),(10091,'Nico Williams','Español','Delantero','Athletic Club',29,19,28300000,101),(10092,'Gorka Guruzeta','Español','Delantero','Athletic Club',20,7,67800000,112),(10093,'Alvaro Djalo','Español','Delantero','Athletic Club',7,1,643000,105),(10094,'Raul Garcia','Español','Delantero','Athletic Club',5,15,83400000,NULL),(10095,'Dominik Greif','Eslovaco','Portero','RCD Mallorca',0,0,4660000,104),(10096,'Leo Roman','Español','Portero','RCD Mallorca',0,0,372000,120),(10097,'Ivan Cuellar','Español','Portero','RCD Mallorca',0,0,247000,NULL),(10098,'Mateu Morey','Español','Defensa','RCD Mallorca',15,13,2160000,108),(10099,'Braian Cufre','Argentino','Defensa','RCD Mallorca',14,20,23600000,109),(10100,'Toni Lato','Español','Defensa','RCD Mallorca',26,15,5000000,116),(10101,'Siebe Van der Heyden','Belga','Defensa','RCD Mallorca',20,10,12000000,107),(10102,'Jose Copete','Español','Defensa','RCD Mallorca',6,6,6940000,NULL),(10103,'Antonio Raillo','Español','Defensa','RCD Mallorca',1,11,24700000,112),(10104,'Johan Mojica','Colombiano','Defensa','RCD Mallorca',22,12,36300000,116),(10105,'Pablo Maffeo','Español','Defensa','RCD Mallorca',20,19,71400000,120),(10106,'Martin Valjent','Eslovaco','Defensa','RCD Mallorca',7,3,83400000,120),(10107,'Sebastian Wade','Español','Defensa','RCD Mallorca',18,0,73200000,105),(10108,'Omar Mascarell','Español','Centrocampista','RCD Mallorca',3,8,50300000,NULL),(10109,'Manu Morlanes','Español','Centrocampista','RCD Mallorca',4,20,17800000,108),(10110,'Sergi Darder','Español','Centrocampista','RCD Mallorca',28,18,40200000,118),(10111,'Samu Costa','Portugues','Centrocampista','RCD Mallorca',15,10,34900000,101),(10112,'Dani Rodriguez','Español','Centrocampista','RCD Mallorca',11,20,25900000,NULL),(10113,'Amath Ndiaye','Senagales','Delantero','RCD Mallorca',30,14,16400000,118),(10114,'Vedat Muriqi','Kosovar','Delantero','RCD Mallorca',30,14,30800000,107),(10115,'Kang-In Lee','Surcoreano','Delantero','RCD Mallorca',14,5,56300000,NULL),(10116,'Abdon Prats','Español','Delantero','RCD Mallorca',14,15,75700000,104),(10117,'Cyle Larin','Canadiense','Delantero','RCD Mallorca',4,2,2190000,NULL),(10118,'Luiz Junior','Brasileño','Portero','Villarreal CF',0,0,712000,113),(10119,'Diego Conde','Español','Portero','Villarreal CF',0,0,310000,NULL),(10120,'Iker alvarez','Andorrano','Portero','Villarreal CF',0,0,252000,116),(10121,'Ruben Gomez','Español','Portero','Villarreal CF',0,0,2540000,NULL),(10122,'Raul Albiol','Español','Defensa','Villarreal CF',3,10,88300000,101),(10123,'Eric Bailly','Marfileño','Defensa','Villarreal CF',9,16,97900000,116),(10124,'Logan Costa','Caboverdiano','Defensa','Villarreal CF',24,8,96700000,NULL),(10125,'Juan Foyth','Argentino','Defensa','Villarreal CF',28,13,46000000,120),(10126,'Juan Bernat','Español','Defensa','Villarreal CF',30,1,24600000,108),(10127,'Kiko Femenia','Español','Defensa','Villarreal CF',25,13,99900000,NULL),(10128,'Sergi Cardona','Español','Defensa','Villarreal CF',30,3,35800000,107),(10129,'Alfonso Pedraza','Español','Defensa','Villarreal CF',0,17,38300000,120),(10130,'Pau Navarro','Español','Defensa','Villarreal CF',30,14,18800000,118),(10131,'Dani Parejo','Español','Centrocampista','Villarreal CF',9,5,78400000,104),(10132,'Santi Comesaña','Español','Centrocampista','Villarreal CF',3,14,70500000,109),(10133,'Pape Gueye','Senegales','Centrocampista','Villarreal CF',11,14,67500000,102),(10134,'Denis Suarez','Español','Centrocampista','Villarreal CF',12,17,55900000,112),(10135,'Alex Baena','Español','Centrocampista','Villarreal CF',17,10,65700000,NULL),(10136,'Yeremy Pino','Español','Delantero','Villarreal CF',7,20,30900000,113),(10137,'Gerard Moreno','Español','Delantero','Villarreal CF',29,6,81100000,120),(10138,'Ayoze Perez','Español','Delantero','Villarreal CF',15,17,23200000,101),(10139,'Thierno Barry','Guineano','Delantero','Villarreal CF',20,19,8780000,NULL),(10140,'Nicolas Pepe','Marfileño','Delantero','Villarreal CF',28,1,27200000,119),(10141,'Ilias Akhomach','Español','Delantero','Villarreal CF',22,18,8140000,102),(10142,'alex Remiro','Español','Portero','Real Sociedad',0,0,7480000,108),(10143,'Unai Marrero','Español','Portero','Real Sociedad',0,0,730000,NULL),(10144,'Aitor Fraga','Español','Portero','Real Sociedad',0,0,591000,118),(10145,'Egoitz Arana','Español','Portero','Real Sociedad',0,0,503000,104),(10146,'Aihen Muñoz','Español','Defensa','Real Sociedad',6,17,9600000,112),(10147,'Aritz Elustondo','Español','Defensa','Real Sociedad',20,6,39900000,107),(10148,'Igor Zubeldia','Español','Defensa','Real Sociedad',24,14,23200000,107),(10149,'Nayef Aguerd','Marroqui','Defensa','Real Sociedad',14,17,44300000,112),(10150,'Alvaro Odriozola','Español','Defensa','Real Sociedad',0,10,61000000,NULL),(10151,'Andoni Gorosabel','Español','Defensa','Real Sociedad',2,4,6400000,113),(10152,'Jon Pacheco','Español','Defensa','Real Sociedad',2,9,1300000,119),(10153,'Kieran Tierney','Escoces','Defensa','Real Sociedad',7,16,27200000,116),(10154,'Martin Zubimendi','Español','Centrocampista','Real Sociedad',14,0,6900000,115),(10155,'Brais Mendez','Español','Centrocampista','Real Sociedad',22,7,17800000,104),(10156,'Mikel Merino','Español','Centrocampista','Real Sociedad',29,17,9300000,120),(10157,'Ander Barrenetxea','Español','Centrocampista','Real Sociedad',16,2,34500000,111),(10158,'David Silva','Español','Centrocampista','Real Sociedad',22,19,19400000,115),(10159,'Takefusa Kubo','Japones','Centrocampista','Real Sociedad',15,6,7000000,112),(10160,'Mohamed-Ali Cho','Frances','Delantero','Real Sociedad',13,7,6900000,NULL),(10161,'Mikel Oyarzabal','Español','Delantero','Real Sociedad',2,1,15500000,103),(10162,'Carlos Fernandez','Español','Delantero','Real Sociedad',4,19,499000,115),(10163,'Umar Sadiq','Nigeriano','Delantero','Real Sociedad',8,7,896000,NULL),(10164,'Jon Karrikaburu','Español','Delantero','Real Sociedad',3,17,51100000,108),(10165,'Sergio Herrera','Español','Portero','CA Osasuna',0,1,18800000,105),(10166,'Aitor Fernandez','Español','Portero','CA Osasuna',0,0,4100000,119),(10167,'Pablo Valencia','Español','Portero','CA Osasuna',0,0,180000,118),(10168,'Dimitrios Stamatakis','Griego','Portero','CA Osasuna',0,0,121000,103),(10169,'Nacho Vidal','Español','Defensa','CA Osasuna',15,13,97700000,119),(10170,'Juan Cruz','Español','Defensa','CA Osasuna',30,18,4900000,NULL),(10171,'Unai Garcia','Español','Defensa','CA Osasuna',23,1,13000000,120),(10172,'Jorge Herrando','Español','Defensa','CA Osasuna',27,19,15800000,104),(10173,'Jesus Areso','Español','Defensa','CA Osasuna',10,19,75400000,109),(10174,'Ruben Peña','Español','Defensa','CA Osasuna',28,8,9940000,NULL),(10175,'Flavien-Enzo Boyomo','Camerunes','Defensa','CA Osasuna',4,13,65600000,101),(10176,'Alejandro Catena','Español','Defensa','CA Osasuna',14,1,51900000,114),(10177,'Diego Espejo','Español','Defensa','CA Osasuna',2,6,65100000,118),(10178,'Abel Bretones','Español','Defensa','CA Osasuna',20,4,2700000,120),(10179,'Lucas Torro','Español','Centrocampista','CA Osasuna',21,10,25200000,NULL),(10180,'Jon Moncayola','Español','Centrocampista','CA Osasuna',23,1,28500000,118),(10181,'Ruben Garcia','Español','Centrocampista','CA Osasuna',14,10,47600000,111),(10182,'Moi Gomez','Español','Centrocampista','CA Osasuna',28,17,32700000,NULL),(10183,'Aimar Oroz','Español','Centrocampista','CA Osasuna',8,20,40900000,NULL),(10184,'Iker Muñoz','Español','Centrocampista','CA Osasuna',4,8,3200000,102),(10185,'Javi Martinez','Español','Centrocampista','CA Osasuna',9,10,23500000,NULL),(10186,'Kike Barja','Español','Centrocampista','CA Osasuna',4,6,29300000,NULL),(10187,'Jose Arnaiz','Español','Delantero','CA Osasuna',6,15,6700000,118),(10188,'Ante Budimir','Croata','Delantero','CA Osasuna',13,1,50600000,NULL),(10189,'Iker Benito','Español','Delantero','CA Osasuna',5,12,1800000,NULL),(10190,'Chimy Avila','Argentino','Delantero','CA Osasuna',2,11,6910000,NULL),(10191,'Bryan Zaragoza','Español','Delantero','CA Osasuna',8,19,10300000,108),(10192,'Rui Silva','Portugues','Portero','Real Betis',0,0,20700000,NULL),(10193,'Adrian','Español','Portero','Real Betis',0,0,920000,113),(10194,'Fran Vieites','Español','Portero','Real Betis',0,0,470000,NULL),(10195,'German Garcia','Español','Portero','Real Betis',0,0,796000,107),(10196,'Hector Bellerin','Español','Defensa','Real Betis',23,16,9970000,120),(10197,'Diego Llorente','Español','Defensa','Real Betis',19,20,50000000,NULL),(10198,'Marc Bartra','Español','Defensa','Real Betis',29,9,12600000,101),(10199,'Natan','Brasileño','Defensa','Real Betis',25,9,44500000,NULL),(10200,'Ricardo Rodriguez','Suizo','Defensa','Real Betis',3,9,9100000,111),(10201,'Romain Perraud','Frances','Defensa','Real Betis',15,1,11100000,NULL),(10202,'Youssouf Sabaly','Senegales','Defensa','Real Betis',9,5,33600000,107),(10203,'Nobel Mendy','Español','Defensa','Real Betis',11,1,46600000,102),(10204,'Johnny Cardoso','Estadounidense','Centrocampista','Real Betis',26,14,64400000,117),(10205,'William Carvalho','Portugues','Centrocampista','Real Betis',21,16,55600000,117),(10206,'Sergi Altimira','Español','Centrocampista','Real Betis',12,0,14700000,113),(10207,'Pablo Fornals','Español','Centrocampista','Real Betis',6,2,49200000,NULL),(10208,'Iker Losada','Español','Centrocampista','Real Betis',25,4,26000000,101),(10209,'Giovani Lo Celso','Argentino','Centrocampista','Real Betis',4,7,4030000,NULL),(10210,'Marc Roca','Español','Centrocampista','Real Betis',5,8,8060000,109),(10211,'Isco','Español','Centrocampista','Real Betis',22,6,57700000,103),(10212,'Aitor Ruibal','Español','Delantero','Real Betis',15,2,6050000,NULL),(10213,'Vitor Roque','Brasileño','Delantero','Real Betis',2,15,7800000,113),(10214,'Chimy avila','Argentino','Delantero','Real Betis',9,0,5600000,NULL),(10215,'Abde Ezzalzouli','Marroqui','Delantero','Real Betis',7,3,32500000,109),(10216,'Rodri','Español','Delantero','Real Betis',12,13,12400000,107),(10217,'Jesus Rodriguez','Español','Delantero','Real Betis',6,0,23500000,116),(10218,'Paulo Gazzaniga','Argentino','Portero','Girona FC',0,0,5600000,111),(10219,'Juan Carlos','Español','Portero','Girona FC',0,0,441000,102),(10220,'Vladyslav Krapyvtsov','Ucraniano','Portero','Girona FC',0,0,224000,NULL),(10221,'Arnau Martinez','Español','Defensa','Girona FC',8,12,8500000,111),(10222,'David Lopez','Español','Defensa','Girona FC',18,16,18800000,102),(10223,'Ladislav Krejči','Checo','Defensa','Girona FC',13,8,39400000,NULL),(10224,'Miguel Gutierrez','Español','Defensa','Girona FC',25,13,79600000,NULL),(10225,'Juanpe','Español','Defensa','Girona FC',14,10,4800000,107),(10226,'Alejandro Frances','Español','Defensa','Girona FC',21,4,7080000,NULL),(10227,'Yaser Asprilla','Colombiano','Centrocampista','Girona FC',27,10,17900000,NULL),(10228,'Oriol Romeu','Español','Centrocampista','Girona FC',7,3,2300000,115),(10229,'Ivan Martin','Español','Centrocampista','Girona FC',16,7,9300000,101),(10230,'Yangel Herrera','Venezolano','Centrocampista','Girona FC',6,11,1900000,NULL),(10231,'Bryan Gil','Español','Centrocampista','Girona FC',4,11,35100000,103),(10232,'Viktor Tsygankov','Ucraniano','Centrocampista','Girona FC',22,4,40000000,NULL),(10233,'Jhon Solis','Colombiano','Centrocampista','Girona FC',10,5,88600000,NULL),(10234,'Dawda Camara','Senegales','Delantero','Girona FC',29,4,67200000,114),(10235,'Artem Dovbyk','Ucraniano','Delantero','Girona FC',15,13,4900000,115),(10236,'Valentin Castellanos','Argentino','Delantero','Girona FC',1,6,26300000,NULL),(10237,'Cristhian Stuani','Uruguayo','Delantero','Girona FC',0,16,13300000,120),(10238,'Alvaro Fernandez','Español','Portero','Sevilla FC',0,0,3900000,107),(10239,'Ørjan Nyland','Noruego','Portero','Sevilla FC',0,0,3800000,109),(10240,'Alberto Flores','Español','Portero','Sevilla FC',0,0,299400,115),(10241,'Matias arbol','Español','Portero','Sevilla FC',0,0,657000,104),(10242,'Rafa Romero','Español','Portero','Sevilla FC',0,0,674000,NULL),(10243,'Adrià Pedrosa','Español','Defensa','Sevilla FC',17,7,2980000,105),(10244,'Gonzalo Montiel','Argentino','Defensa','Sevilla FC',21,17,518000,NULL),(10245,'Jesus Navas','Español','Defensa','Sevilla FC',27,19,65000000,107),(10246,'Jose angel Carmona','Español','Defensa','Sevilla FC',10,11,840000,111),(10247,'Kike Salas','Español','Defensa','Sevilla FC',8,16,956000,115),(10248,'Loïc Bade','Frances','Defensa','Sevilla FC',15,2,3200000,103),(10249,'Marcão','Brasileño','Defensa','Sevilla FC',0,2,6470000,107),(10250,'Tanguy Nianzou','Frances','Defensa','Sevilla FC',27,18,41200000,103),(10251,'Lucas Ocampos','Argentino','Centrocampista','Sevilla FC',16,2,89200000,117),(10252,'Ivan Rakitić','Croata','Centrocampista','Sevilla FC',16,16,31700000,117),(10253,'Oliver Torres','Español','Centrocampista','Sevilla FC',26,12,85400000,106),(10254,'Fernando','Brasileño','Centrocampista','Sevilla FC',11,16,37000000,NULL),(10255,'Gudelj','Serbio','Centrocampista','Sevilla FC',2,9,94600000,111),(10256,'Suso','Español','Centrocampista','Sevilla FC',27,5,28700000,NULL),(10257,'Erik Lamela','Argentino','Centrocampista','Sevilla FC',7,10,19200000,105),(10258,'Saul Ñiguez','Español','Centrocampista','Sevilla FC',27,8,58400000,115),(10259,'Sander Berge','Noruego','Centrocampista','Sevilla FC',19,14,40100000,109),(10260,'Dodi Lukebakio','Belga','Delantero','Sevilla FC',19,8,2700000,NULL),(10261,'Kelechi Iheanacho','Nigeriano','Delantero','Sevilla FC',18,7,25200000,102),(10262,'Youssef En-Nesyri','Marroqui','Delantero','Sevilla FC',8,11,38300000,NULL),(10263,'Mariano Diaz','Dominicano','Delantero','Sevilla FC',16,7,63400000,117),(10264,'Isaac Romero','Español','Delantero','Sevilla FC',3,14,29100000,NULL),(10265,'Ivan Villar','Español','Portero','RC Celta de Vigo',0,0,7990000,103),(10266,'Vicente Guaita','Español','Portero','RC Celta de Vigo',0,0,740000,NULL),(10267,'Marc Vidal','Español','Portero','RC Celta de Vigo',0,0,270000,101),(10268,'Cesar Fernandez','Español','Portero','RC Celta de Vigo',0,0,876000,115),(10269,'Coke Carrillo','Español','Portero','RC Celta de Vigo',0,0,200000,115),(10270,'Carl Starfelt','Sueco','Defensa','RC Celta de Vigo',1,0,8810000,104),(10271,'oscar Mingueza','Español','Defensa','RC Celta de Vigo',23,10,31000000,NULL),(10272,'Sergio Carreira','Español','Defensa','RC Celta de Vigo',8,20,17000000,111),(10273,'Javier Manquillo','Español','Defensa','RC Celta de Vigo',8,20,6210000,115),(10274,'Marcos Alonso','Español','Defensa','RC Celta de Vigo',28,4,17400000,120),(10275,'Carlos Dominguez','Español','Defensa','RC Celta de Vigo',11,16,6410000,120),(10276,'Javi Rodriguez','Español','Defensa','RC Celta de Vigo',18,17,5390000,106),(10277,'Joseph Aidoo','Ghanes','Defensa','RC Celta de Vigo',12,9,20100000,115),(10278,'Hugo alvarez','Español','Centrocampista','RC Celta de Vigo',1,4,4560000,115),(10279,'Fran Beltran','Español','Centrocampista','RC Celta de Vigo',15,14,29100000,102),(10280,'Carlos Dotor','Español','Centrocampista','RC Celta de Vigo',10,16,5600000,114),(10281,'Miguel Rodriguez','Español','Centrocampista','RC Celta de Vigo',14,11,8160000,107),(10282,'Iago Aspas','Español','Delantero','RC Celta de Vigo',4,10,6900000,115),(10283,'Borja Iglesias','Español','Delantero','RC Celta de Vigo',7,16,29100000,NULL),(10284,'Tasos Douvikas','Griego','Delantero','RC Celta de Vigo',20,9,65300000,102),(10285,'Franco Cervi','Argentino','Delantero','RC Celta de Vigo',23,9,70100000,NULL),(10286,'Jørgen Strand Larsen','Noruego','Delantero','RC Celta de Vigo',11,20,34600000,114),(10287,'Dani Cardenas','Español','Portero','Rayo Vallecano',0,0,5200000,107),(10288,'Augusto Batalla','Argentino','Portero','Rayo Vallecano',0,0,1600000,104),(10289,'Abdul Mumin','Ghanes','Defensa','Rayo Vallecano',6,3,16700000,NULL),(10290,'Florian Lejeune','Frances','Defensa','Rayo Vallecano',14,16,16500000,109),(10291,'Aridane Hernandez','Español','Defensa','Rayo Vallecano',12,7,24800000,106),(10292,'Andrei Rațiu','Rumano','Defensa','Rayo Vallecano',11,17,45100000,NULL),(10293,'Alfonso Espino','Uruguayo','Defensa','Rayo Vallecano',10,5,29800000,120),(10294,'Ivan Balliu','Albanes','Defensa','Rayo Vallecano',4,0,9700000,103),(10295,'Pep Chavarria','Español','Defensa','Rayo Vallecano',24,20,8200000,114),(10296,'Oscar Valentin','Español','Centrocampista','Rayo Vallecano',16,12,64400000,NULL),(10297,'Unai Lopez','Español','Centrocampista','Rayo Vallecano',9,9,38500000,NULL),(10298,'James Rodriguez','Colombiano','Centrocampista','Rayo Vallecano',6,15,9380000,119),(10299,'Isi Palazon','Español','Centrocampista','Rayo Vallecano',23,17,9300000,NULL),(10300,'Alvaro Garcia','Español','Centrocampista','Rayo Vallecano',11,10,43000000,107),(10301,'Jose angel Pozo','Español','Centrocampista','Rayo Vallecano',22,13,61100000,111),(10302,'Salvi Sanchez','Español','Centrocampista','Rayo Vallecano',12,18,84900000,112),(10303,'Randy Nteka','Frances','Centrocampista','Rayo Vallecano',30,11,2900000,NULL),(10304,'Sergio Camello','Español','Delantero','Rayo Vallecano',15,16,732000,111),(10305,'Raul de Tomas','Español','Delantero','Rayo Vallecano',17,20,4300000,114),(10306,'Radamel Falcao','Colombiano','Delantero','Rayo Vallecano',4,10,67800000,118),(10307,'Jasper Cillessen','Neerlandes','Portero','UD Las Palmas',0,0,11600000,116),(10308,'Dinko Horkaš','Croata','Portero','UD Las Palmas',0,0,685000,NULL),(10309,'Alvaro Valles','Español','Portero','UD Las Palmas',0,0,1700000,111),(10310,'Alex Suarez','Español','Defensa','UD Las Palmas',25,6,5600000,NULL),(10311,'Daley Sinkgraven','Neerlandes','Defensa','UD Las Palmas',12,16,8410000,110),(10312,'Mika Marmol','Español','Defensa','UD Las Palmas',27,18,6700000,NULL),(10313,'alex Muñoz','Español','Defensa','UD Las Palmas',3,12,48100000,114),(10314,'Viti Rozada','Español','Defensa','UD Las Palmas',15,3,22400000,109),(10315,'Scott McKenna','Escoces','Defensa','UD Las Palmas',0,17,9990000,104),(10316,'Marvin Park','Español','Centrocampista','UD Las Palmas',5,4,918000,114),(10317,'Kirian Rodriguez','Español','Centrocampista','UD Las Palmas',26,8,56900000,107),(10318,'Javi Muñoz','Español','Centrocampista','UD Las Palmas',23,6,48000000,NULL),(10319,'Alberto Moleiro','Español','Centrocampista','UD Las Palmas',21,16,3610000,119),(10320,'Sandro Ramirez','Español','Centrocampista','UD Las Palmas',13,20,4200000,102),(10321,'Dario Essugo','Portugues','Centrocampista','UD Las Palmas',10,1,13200000,NULL),(10322,'Pau Ferrer','Español','Delantero','UD Las Palmas',7,8,10100000,107),(10323,'Sory Kaba','Guineano','Delantero','UD Las Palmas',8,17,5000000,120),(10324,'Jonathan Viera','Español','Delantero','UD Las Palmas',4,3,24900000,106),(10325,'Fabio Silva','Brasileño','Delantero','UD Las Palmas',6,18,15330000,119),(10326,'Juan Soriano','Español','Portero','CD Leganes',0,0,13200000,NULL),(10327,'Marko Dmitrović','Serbio','Portero','CD Leganes',0,0,8900000,NULL),(10328,'Alvin Abajas','Español','Portero','CD Leganes',0,0,200000,NULL),(10329,'Jackson Porozo','Ecuatoriano','Defensa','CD Leganes',11,2,2300000,103),(10330,'Sergio Gonzalez','Español','Defensa','CD Leganes',25,15,56800000,NULL),(10331,'Matija Nastasić','Serbio','Defensa','CD Leganes',16,8,29800000,NULL),(10332,'Valentin Rosier','Frances','Defensa','CD Leganes',10,6,66000000,106),(10333,'Javi Hernandez','Español','Defensa','CD Leganes',3,19,9740000,NULL),(10334,'Neyou','Camerunes','Centrocampista','CD Leganes',21,16,780000,110),(10335,'Renato Tapia','Peruano','Centrocampista','CD Leganes',7,13,62000000,109),(10336,'Darko Brašanac','Serbio','Centrocampista','CD Leganes',22,9,43000000,117),(10337,'Roberto Lopez','Español','Centrocampista','CD Leganes',7,14,34500000,114),(10338,'Naim Garcia','Español','Centrocampista','CD Leganes',6,17,9060000,NULL),(10339,'Miguel de la Fuente','Español','Delantero','CD Leganes',18,2,24200000,119),(10340,'Sebastien Haller','Marfileño','Delantero','CD Leganes',5,15,6830000,114),(10341,'Munir El Haddadi','Marroqui','Delantero','CD Leganes',14,13,26200000,101),(10342,'Diego Garcia','Español','Delantero','CD Leganes',10,4,52800000,NULL),(10343,'David Soria','Español','Portero','Getafe CF',0,0,6730000,NULL),(10344,'Jiři Letaček','Checo','Portero','Getafe CF',0,0,730000,102),(10345,'Djene Dakonam','Togoles','Defensa','Getafe CF',12,16,26200000,NULL),(10346,'Omar Alderete','Paraguayo','Defensa','Getafe CF',12,13,9600000,113),(10347,'Juan Berrocal','Español','Defensa','Getafe CF',11,0,955000,102),(10348,'Diego Rico','Español','Defensa','Getafe CF',12,0,4980000,NULL),(10349,'Alex Sola','Español','Defensa','Getafe CF',10,14,97800000,118),(10350,'Allan Nyom','Camerunes','Defensa','Getafe CF',18,4,91300000,NULL),(10351,'Domingos Duarte','Portugues','Defensa','Getafe CF',2,9,61900000,106),(10352,'Mauro Arambarri','Uruguayo','Centrocampista','Getafe CF',28,2,39600000,120),(10353,'Luis Milla','Español','Centrocampista','Getafe CF',28,4,71800000,114),(10354,'Carles Perez','Español','Centrocampista','Getafe CF',7,10,10800000,106),(10355,'Uche Agbo','Nigeriano','Centrocampista','Getafe CF',21,7,12900000,120),(10356,'Jaime Seoane','Español','Centrocampista','Getafe CF',16,14,12800000,112),(10357,'Borja Mayoral','Español','Delantero','Getafe CF',18,5,7300000,119),(10358,'Enes Ünal','Turco','Delantero','Getafe CF',1,20,63000000,101),(10359,'Peter Federico','Español','Delantero','Getafe CF',27,3,9300000,120),(10360,'Álvaro Rodríguez','Español','Delantero','Getafe CF',1,3,51200000,117),(10361,'Antonio Sivera','Español','Portero','Deportivo Alaves',0,0,3200000,104),(10362,'Jesus Owono','Guineano','Portero','Deportivo Alaves',0,0,322000,110),(10363,'Adrian Rodriguez','Argentino','Portero','Deportivo Alaves',0,0,529000,114),(10364,'Nahuel Tenaglia','Argentino','Defensa','Deportivo Alaves',21,13,1000000,110),(10365,'Abdel Abqar','Marroqui','Defensa','Deportivo Alaves',24,14,29800000,103),(10366,'Aleksandar Sedlar','Serbio','Defensa','Deportivo Alaves',27,4,22400000,110),(10367,'Ruben Duarte','Español','Defensa','Deportivo Alaves',11,20,68700000,117),(10368,'Javi Lopez','Español','Defensa','Deportivo Alaves',12,16,38200000,NULL),(10369,'Antonio Blanco','Español','Centrocampista','Deportivo Alaves',30,18,7200000,NULL),(10370,'Ander Guevara','Español','Centrocampista','Deportivo Alaves',7,18,5290000,102),(10371,'Jon Guridi','Español','Centrocampista','Deportivo Alaves',17,2,17600000,NULL),(10372,'Carlos Benavidez','Uruguayo','Centrocampista','Deportivo Alaves',15,9,54700000,106),(10373,'Joan Jordan','Español','Centrocampista','Deportivo Alaves',16,10,85200000,NULL),(10374,'Kike Garcia','Español','Delantero','Deportivo Alaves',23,13,9580000,119),(10375,'Toni Martinez','Español','Delantero','Deportivo Alaves',10,5,4000000,109),(10376,'Carlos Vicente','Español','Delantero','Deportivo Alaves',26,4,16420000,119),(10377,'Asier Villalibre','Español','Delantero','Deportivo Alaves',1,10,7010000,117),(10378,'Joan Garcia','Español','Portero','RCD Espanyol',0,0,9040000,110),(10379,'Fernando Pacheco','Español','Portero','RCD Espanyol',0,0,5440000,114),(10380,'Angel Fortuño','Español','Portero','RCD Espanyol',0,0,179000,114),(10381,'Sergi Gomez','Español','Defensa','RCD Espanyol',18,12,67200000,106),(10382,'Marash Kumbulla','Albanes','Defensa','RCD Espanyol',9,6,14000000,NULL),(10383,'Fernando Calero','Español','Defensa','RCD Espanyol',2,8,4500000,117),(10384,'Leandro Cabrera','Uruguayo','Defensa','RCD Espanyol',7,5,40600000,119),(10385,'Alvaro Tejero','Español','Defensa','RCD Espanyol',7,6,20400000,NULL),(10386,'Brian Olivan','Español','Defensa','RCD Espanyol',25,6,79500000,110),(10387,'Carlos Romero','Español','Defensa','RCD Espanyol',30,0,594000,106),(10388,'Omar El Hilali','Marroqui','Defensa','RCD Espanyol',1,0,42100000,117),(10389,'Alex Kral','Checo','Centrocampista','RCD Espanyol',1,6,79400000,113),(10390,'Edu Exposito','Español','Centrocampista','RCD Espanyol',22,13,95900000,102),(10391,'Jose Gragera','Español','Centrocampista','RCD Espanyol',12,7,876000,110),(10392,'Justin Smith','Canadiense','Centrocampista','RCD Espanyol',29,17,8650000,NULL),(10393,'Javi Puado','Español','Delantero','RCD Espanyol',9,0,58800000,101),(10394,'Martin Braithwaite','Danes','Delantero','RCD Espanyol',5,17,46900000,NULL),(10395,'Naci Ünüvar','Neerlandes','Delantero','RCD Espanyol',30,11,9000000,NULL),(10396,'Walid Cheddira','Marroqui','Delantero','RCD Espanyol',16,10,62800000,119),(10397,'Andre Ferreira','Portugues','Portero','Real Valladolid',0,0,2500000,114),(10398,'Karl Hein','Estonio','Portero','Real Valladolid',0,0,852000,NULL),(10399,'Alvaro Aceves','Español','Portero','Real Valladolid',0,0,938000,101),(10400,'Luis Perez','Español','Defensa','Real Valladolid',4,15,33900000,109),(10401,'David Torres','Español','Defensa','Real Valladolid',26,10,82600000,117),(10402,'Javi Sanchez','Español','Defensa','Real Valladolid',11,4,56800000,106),(10403,'Cenk Özkacar','Turco','Defensa','Real Valladolid',26,12,982000,NULL),(10404,'Eray Cömert','Suizo','Defensa','Real Valladolid',15,3,1600000,106),(10405,'Victor Meseguer','Español','Centrocampista','Real Valladolid',7,17,24400000,NULL),(10406,'Kike Perez','Español','Centrocampista','Real Valladolid',4,17,27400000,110),(10407,'Ivan Sanchez','Español','Centrocampista','Real Valladolid',30,2,7690000,101),(10408,'Mario Martin','Español','Centrocampista','Real Valladolid',14,1,256000,103),(10409,'Cesar de la Hoz','Español','Centrocampista','Real Valladolid',2,15,34500000,NULL),(10410,'Selim Amallah','Marroqui','Centrocampista','Real Valladolid',25,16,7730000,119),(10411,'Lucas Rosa','Brasileño','Centrocampista','Real Valladolid',22,7,37700000,113),(10412,'Marcos Andre','Brasileño','Delantero','Real Valladolid',14,1,80300000,114),(10413,'Mamadou Sylla','Senagales','Delantero','Real Valladolid',15,15,16700000,119),(10414,'Raul Moro','Español','Delantero','Real Valladolid',20,1,28930000,NULL),(10415,'Juanmi Latasa','Español','Delantero','Real Valladolid',7,17,8790000,106),(10416,'Darwin Machis','Venezolano','Delantero','Real Valladolid',17,18,18800000,110),(10417,'Anuar Tuhami','Marroqui','Delantero','Real Valladolid',21,16,43000000,114),(10418,'Kenedy','Brasileño','Delantero','Real Valladolid',18,12,99200000,110),(10419,'Jaume Domenech','Español','Portero','Valencia CF',0,0,1410000,104),(10420,'Giorgi Mamardashvili','Georgiano','Portero','Valencia CF',0,0,27100000,117),(10421,'Stole Dimitrievski','Macedonio','Portero','Valencia CF',0,0,1798000,119),(10422,'Thierry Correia','Portugues','Defensa','Valencia CF',23,17,96800000,NULL),(10423,'Jose Gayà','Español','Defensa','Valencia CF',28,15,23100000,105),(10424,'Mouctar Diakhaby','Guineano','Defensa','Valencia CF',1,5,4600000,110),(10425,'Cristhian Mosquera','Español','Defensa','Valencia CF',20,7,3200000,NULL),(10426,'Cesar Tarrega','Español','Defensa','Valencia CF',23,4,21300000,104),(10427,'Dimitri Foulquier','Frances','Defensa','Valencia CF',15,7,99900000,117),(10428,'Jesus Vazquez','Español','Defensa','Valencia CF',0,2,112000,119),(10429,'Yarek Gasiorowski','Español','Defensa','Valencia CF',17,16,28400000,109),(10430,'Hugo Guillamon','Español','Centrocampista','Valencia CF',29,2,9070000,110),(10431,'Javi Guerra','Español','Centrocampista','Valencia CF',0,14,56600000,109),(10432,'Andre Almeida','Portugues','Centrocampista','Valencia CF',2,17,27100000,119),(10433,'Pepelu','Español','Centrocampista','Valencia CF',7,6,40700000,117),(10434,'Diego Lopez','Español','Centrocampista','Valencia CF',15,20,9260000,104),(10435,'Fran Perez','Español','Centrocampista','Valencia CF',16,11,74800000,114),(10436,'Sergi Canos','Español','Delantero','Valencia CF',10,8,696000,110),(10437,'Hugo Duro','Español','Delantero','Valencia CF',0,2,32100000,113),(10438,'Rafa Mir','Español','Delantero','Valencia CF',8,4,218000,103),(10439,'Dani Gomez','Español','Delantero','Valencia CF',12,18,66300000,114),(10440,'Luis Rioja','Español','Delantero','Valencia CF',27,0,48200000,106),(10441,'German Valera','Español','Delantero','Valencia CF',27,4,34600000,110);
/*!40000 ALTER TABLE `jugadores` ENABLE KEYS */;
UNLOCK TABLES;

--
-- Table structure for table `plantilla`
--

DROP TABLE IF EXISTS `plantilla`;
/*!40101 SET @saved_cs_client     = @@character_set_client */;
/*!50503 SET character_set_client = utf8mb4 */;
CREATE TABLE `plantilla` (
  `ID_PLANTILLA` int NOT NULL,
  `FORMACION` varchar(10) DEFAULT NULL,
  PRIMARY KEY (`ID_PLANTILLA`)
) ENGINE=InnoDB DEFAULT CHARSET=utf8mb3;
/*!40101 SET character_set_client = @saved_cs_client */;

--
-- Dumping data for table `plantilla`
--

LOCK TABLES `plantilla` WRITE;
/*!40000 ALTER TABLE `plantilla` DISABLE KEYS */;
INSERT INTO `plantilla` VALUES (1001,'4-5-1'),(1002,'5-3-2'),(1003,'4-5-1'),(1004,'5-3-2'),(1005,'3-5-2'),(1006,'5-3-2'),(1007,'4-3-3'),(1008,'4-4-2'),(1009,'4-4-2'),(1010,'3-4-3'),(1011,'3-4-3'),(1012,'4-3-3'),(1013,'4-3-3'),(1014,'4-3-3'),(1015,'4-2-3-1'),(1016,'5-3-2'),(1017,'4-5-1'),(1018,'5-3-2'),(1019,'5-3-2'),(1020,'4-3-3');
/*!40000 ALTER TABLE `plantilla` ENABLE KEYS */;
UNLOCK TABLES;

--
-- Table structure for table `traspaso_ent`
--

DROP TABLE IF EXISTS `traspaso_ent`;
/*!40101 SET @saved_cs_client     = @@character_set_client */;
/*!50503 SET character_set_client = utf8mb4 */;
CREATE TABLE `traspaso_ent` (
  `ID_COMPRADOR` int DEFAULT NULL,
  `ID_ENTRENADORES` int NOT NULL,
  `ID_VENDEDOR` int DEFAULT NULL,
  `FECHA_TRASPASO` datetime NOT NULL,
  `PRECIO_TRASPASO` int DEFAULT NULL,
  `ID_TRASPASO_ENT` int NOT NULL,
  PRIMARY KEY (`ID_TRASPASO_ENT`),
  KEY `fk_USUARIO_has_ENTRENADORES_ENTRENADORES1_idx` (`ID_ENTRENADORES`),
  KEY `fk_USUARIO_has_ENTRENADORES_USUARIO1_idx` (`ID_COMPRADOR`),
  KEY `fk_TRASPASO_ENT_USUARIO1_idx` (`ID_VENDEDOR`),
  CONSTRAINT `fk_TRASPASO_ENT_USUARIO1` FOREIGN KEY (`ID_VENDEDOR`) REFERENCES `usuario` (`ID_USUARIO`) ON DELETE CASCADE ON UPDATE CASCADE,
  CONSTRAINT `fk_USUARIO_has_ENTRENADORES_ENTRENADORES1` FOREIGN KEY (`ID_ENTRENADORES`) REFERENCES `entrenadores` (`ID_ENTRENADORES`) ON DELETE CASCADE ON UPDATE CASCADE,
  CONSTRAINT `fk_USUARIO_has_ENTRENADORES_USUARIO1` FOREIGN KEY (`ID_COMPRADOR`) REFERENCES `usuario` (`ID_USUARIO`) ON DELETE CASCADE ON UPDATE CASCADE
) ENGINE=InnoDB DEFAULT CHARSET=utf8mb3;
/*!40101 SET character_set_client = @saved_cs_client */;

--
-- Dumping data for table `traspaso_ent`
--

LOCK TABLES `traspaso_ent` WRITE;
/*!40000 ALTER TABLE `traspaso_ent` DISABLE KEYS */;
INSERT INTO `traspaso_ent` VALUES (105,20002,104,'2024-11-10 11:28:33',1000000,1),(111,20011,110,'2024-11-02 12:58:07',880000,2),(101,20006,113,'2024-11-28 23:14:19',795000,3),(107,20020,118,'2024-12-04 08:35:57',1400000,4),(102,20001,103,'2024-12-24 16:40:42',950000,5);
/*!40000 ALTER TABLE `traspaso_ent` ENABLE KEYS */;
UNLOCK TABLES;
/*!50003 SET @saved_cs_client      = @@character_set_client */ ;
/*!50003 SET @saved_cs_results     = @@character_set_results */ ;
/*!50003 SET @saved_col_connection = @@collation_connection */ ;
/*!50003 SET character_set_client  = utf8mb4 */ ;
/*!50003 SET character_set_results = utf8mb4 */ ;
/*!50003 SET collation_connection  = utf8mb4_0900_ai_ci */ ;
/*!50003 SET @saved_sql_mode       = @@sql_mode */ ;
/*!50003 SET sql_mode              = 'ONLY_FULL_GROUP_BY,STRICT_TRANS_TABLES,NO_ZERO_IN_DATE,NO_ZERO_DATE,ERROR_FOR_DIVISION_BY_ZERO,NO_ENGINE_SUBSTITUTION' */ ;
DELIMITER ;;
/*!50003 CREATE*/ /*!50017 DEFINER=`root`@`localhost`*/ /*!50003 TRIGGER `validar_y_actualizar_presupuesto_traspaso_ent` BEFORE INSERT ON `traspaso_ent` FOR EACH ROW begin

    declare presupuesto_actual int;



    -- verificar el presupuesto del comprador

    select presupuesto into presupuesto_actual

    from usuario

    where id_usuario = new.id_comprador;



    if presupuesto_actual < new.precio_traspaso then

   



    -- restar el precio del comprador

    update usuario

    set presupuesto = presupuesto - new.precio_traspaso

    where id_usuario = new.id_comprador;



    -- sumar el precio al vendedor

    update usuario

    set presupuesto = presupuesto + new.precio_traspaso

    where id_usuario = new.id_vendedor;

   

    end if;

end */;;
DELIMITER ;
/*!50003 SET sql_mode              = @saved_sql_mode */ ;
/*!50003 SET character_set_client  = @saved_cs_client */ ;
/*!50003 SET character_set_results = @saved_cs_results */ ;
/*!50003 SET collation_connection  = @saved_col_connection */ ;
/*!50003 SET @saved_cs_client      = @@character_set_client */ ;
/*!50003 SET @saved_cs_results     = @@character_set_results */ ;
/*!50003 SET @saved_col_connection = @@collation_connection */ ;
/*!50003 SET character_set_client  = utf8mb4 */ ;
/*!50003 SET character_set_results = utf8mb4 */ ;
/*!50003 SET collation_connection  = utf8mb4_0900_ai_ci */ ;
/*!50003 SET @saved_sql_mode       = @@sql_mode */ ;
/*!50003 SET sql_mode              = 'ONLY_FULL_GROUP_BY,STRICT_TRANS_TABLES,NO_ZERO_IN_DATE,NO_ZERO_DATE,ERROR_FOR_DIVISION_BY_ZERO,NO_ENGINE_SUBSTITUTION' */ ;
DELIMITER ;;
/*!50003 CREATE*/ /*!50017 DEFINER=`root`@`localhost`*/ /*!50003 TRIGGER `actualizar_propietario_entrenador` AFTER INSERT ON `traspaso_ent` FOR EACH ROW begin

    -- cambiar el propietario del jugador

    update entrenadores

    set id_propietario = new.id_comprador

    where id_entrenadores = new.id_entrenadores;

end */;;
DELIMITER ;
/*!50003 SET sql_mode              = @saved_sql_mode */ ;
/*!50003 SET character_set_client  = @saved_cs_client */ ;
/*!50003 SET character_set_results = @saved_cs_results */ ;
/*!50003 SET collation_connection  = @saved_col_connection */ ;

--
-- Table structure for table `traspaso_jug`
--

DROP TABLE IF EXISTS `traspaso_jug`;
/*!40101 SET @saved_cs_client     = @@character_set_client */;
/*!50503 SET character_set_client = utf8mb4 */;
CREATE TABLE `traspaso_jug` (
  `ID_COMPRADOR` int DEFAULT NULL,
  `ID_JUGADORES` int NOT NULL,
  `ID_VENDEDOR` int DEFAULT NULL,
  `FECHA_TRASPASO` datetime NOT NULL,
  `PRECIO_TRASPASO` int DEFAULT NULL,
  `ID_TRASPASO_JUG` int NOT NULL,
  PRIMARY KEY (`ID_TRASPASO_JUG`),
  KEY `fk_USUARIO_has_JUGADORES_JUGADORES1_idx` (`ID_JUGADORES`),
  KEY `fk_USUARIO_has_JUGADORES_USUARIO1_idx` (`ID_COMPRADOR`),
  KEY `fk_TRASPASO_JUG_USUARIO1_idx` (`ID_VENDEDOR`),
  CONSTRAINT `fk_TRASPASO_JUG_USUARIO1` FOREIGN KEY (`ID_VENDEDOR`) REFERENCES `usuario` (`ID_USUARIO`) ON DELETE CASCADE ON UPDATE CASCADE,
  CONSTRAINT `fk_USUARIO_has_JUGADORES_JUGADORES1` FOREIGN KEY (`ID_JUGADORES`) REFERENCES `jugadores` (`ID_JUGADORES`) ON DELETE CASCADE ON UPDATE CASCADE,
  CONSTRAINT `fk_USUARIO_has_JUGADORES_USUARIO1` FOREIGN KEY (`ID_COMPRADOR`) REFERENCES `usuario` (`ID_USUARIO`) ON DELETE CASCADE ON UPDATE CASCADE
) ENGINE=InnoDB DEFAULT CHARSET=utf8mb3;
/*!40101 SET character_set_client = @saved_cs_client */;

--
-- Dumping data for table `traspaso_jug`
--

LOCK TABLES `traspaso_jug` WRITE;
/*!40000 ALTER TABLE `traspaso_jug` DISABLE KEYS */;
INSERT INTO `traspaso_jug` VALUES (101,10122,117,'2024-11-28 23:52:47',89500000,1),(105,10023,104,'2024-11-10 16:30:07',4000000,2),(107,10101,111,'2024-11-05 14:15:22',12500000,3),(109,10099,102,'2024-12-04 02:43:10',24000000,4),(112,10302,110,'2024-11-02 14:58:34',88000000,5),(113,10411,106,'2024-12-01 16:45:10',40000000,6),(114,10234,115,'2024-11-24 13:28:57',70000000,7),(116,10307,108,'2024-11-15 09:30:45',12000000,8),(118,10187,103,'2024-12-10 18:30:55',7500000,9),(120,10056,119,'2024-11-20 11:00:00',20000000,10),(107,10245,101,'2024-12-12 15:45:30',56000000,11),(120,10178,107,'2024-11-18 10:15:00',32000000,12),(111,10356,117,'2024-12-08 21:00:45',15000000,13),(105,10423,109,'2024-11-25 08:30:20',9900000,14),(101,10267,111,'2024-12-14 17:20:10',73000000,15),(102,10133,NULL,'2024-11-22 14:10:05',8800000,16),(106,10077,112,'2024-12-09 12:00:00',67000000,17),(113,10389,109,'2024-11-27 19:45:50',25000000,18),(103,10011,105,'2024-12-06 16:40:30',46000000,19),(108,10191,104,'2024-11-30 22:55:25',51000000,20),(112,10356,117,'2024-12-03 13:25:15',33000000,21),(NULL,10212,117,'2024-11-28 09:10:45',14000000,22),(102,10347,104,'2024-12-11 07:45:55',27000000,23),(117,10089,105,'2024-11-29 18:35:20',35000000,24),(114,10176,NULL,'2024-12-07 20:20:10',12000000,25),(119,10298,102,'2024-11-17 15:30:00',66000000,26),(106,10402,104,'2024-12-05 23:10:30',29000000,27),(110,10311,110,'2024-11-21 12:50:40',8000000,28),(115,10154,116,'2024-12-13 14:45:15',72000000,29),(111,10034,118,'2024-11-19 10:00:00',54000000,30);
/*!40000 ALTER TABLE `traspaso_jug` ENABLE KEYS */;
UNLOCK TABLES;
/*!50003 SET @saved_cs_client      = @@character_set_client */ ;
/*!50003 SET @saved_cs_results     = @@character_set_results */ ;
/*!50003 SET @saved_col_connection = @@collation_connection */ ;
/*!50003 SET character_set_client  = utf8mb4 */ ;
/*!50003 SET character_set_results = utf8mb4 */ ;
/*!50003 SET collation_connection  = utf8mb4_0900_ai_ci */ ;
/*!50003 SET @saved_sql_mode       = @@sql_mode */ ;
/*!50003 SET sql_mode              = 'ONLY_FULL_GROUP_BY,STRICT_TRANS_TABLES,NO_ZERO_IN_DATE,NO_ZERO_DATE,ERROR_FOR_DIVISION_BY_ZERO,NO_ENGINE_SUBSTITUTION' */ ;
DELIMITER ;;
/*!50003 CREATE*/ /*!50017 DEFINER=`root`@`localhost`*/ /*!50003 TRIGGER `validar_y_actualizar_presupuesto_traspaso_jug` BEFORE INSERT ON `traspaso_jug` FOR EACH ROW begin

    declare presupuesto_actual int;



    -- verificar el presupuesto del comprador

    select presupuesto into presupuesto_actual

    from usuario

    where id_usuario = new.id_comprador;



    if presupuesto_actual < new.precio_traspaso then

        

    



    -- restar el precio del comprador

    update usuario

    set presupuesto = presupuesto - new.precio_traspaso

    where id_usuario = new.id_comprador;



    -- sumar el precio al vendedor

    update usuario

    set presupuesto = presupuesto + new.precio_traspaso

    where id_usuario = new.id_vendedor;

   

end if;

end */;;
DELIMITER ;
/*!50003 SET sql_mode              = @saved_sql_mode */ ;
/*!50003 SET character_set_client  = @saved_cs_client */ ;
/*!50003 SET character_set_results = @saved_cs_results */ ;
/*!50003 SET collation_connection  = @saved_col_connection */ ;
/*!50003 SET @saved_cs_client      = @@character_set_client */ ;
/*!50003 SET @saved_cs_results     = @@character_set_results */ ;
/*!50003 SET @saved_col_connection = @@collation_connection */ ;
/*!50003 SET character_set_client  = utf8mb4 */ ;
/*!50003 SET character_set_results = utf8mb4 */ ;
/*!50003 SET collation_connection  = utf8mb4_0900_ai_ci */ ;
/*!50003 SET @saved_sql_mode       = @@sql_mode */ ;
/*!50003 SET sql_mode              = 'ONLY_FULL_GROUP_BY,STRICT_TRANS_TABLES,NO_ZERO_IN_DATE,NO_ZERO_DATE,ERROR_FOR_DIVISION_BY_ZERO,NO_ENGINE_SUBSTITUTION' */ ;
DELIMITER ;;
/*!50003 CREATE*/ /*!50017 DEFINER=`root`@`localhost`*/ /*!50003 TRIGGER `actualizar_propietario_jugador` AFTER INSERT ON `traspaso_jug` FOR EACH ROW begin

    -- cambiar el propietario del jugador

    update jugadores

    set id_propietario = new.id_comprador

    where id_jugadores = new.id_jugadores;

end */;;
DELIMITER ;
/*!50003 SET sql_mode              = @saved_sql_mode */ ;
/*!50003 SET character_set_client  = @saved_cs_client */ ;
/*!50003 SET character_set_results = @saved_cs_results */ ;
/*!50003 SET collation_connection  = @saved_col_connection */ ;

--
-- Table structure for table `usuario`
--

DROP TABLE IF EXISTS `usuario`;
/*!40101 SET @saved_cs_client     = @@character_set_client */;
/*!50503 SET character_set_client = utf8mb4 */;
CREATE TABLE `usuario` (
  `ID_USUARIO` int NOT NULL,
  `NOMBRE` varchar(45) DEFAULT NULL,
  `PRESUPUESTO` int DEFAULT NULL,
  `ID_ADMIN` int DEFAULT NULL,
  `ID_PLANTILLA` int NOT NULL,
  PRIMARY KEY (`ID_USUARIO`),
  KEY `fk_USUARIO_USUARIO1_idx` (`ID_ADMIN`),
  KEY `fk_USUARIO_PLANTILLA1_idx` (`ID_PLANTILLA`),
  CONSTRAINT `fk_USUARIO_PLANTILLA1` FOREIGN KEY (`ID_PLANTILLA`) REFERENCES `plantilla` (`ID_PLANTILLA`) ON DELETE CASCADE ON UPDATE CASCADE,
  CONSTRAINT `fk_USUARIO_USUARIO1` FOREIGN KEY (`ID_ADMIN`) REFERENCES `usuario` (`ID_USUARIO`) ON DELETE CASCADE ON UPDATE CASCADE
) ENGINE=InnoDB DEFAULT CHARSET=utf8mb3;
/*!40101 SET character_set_client = @saved_cs_client */;

--
-- Dumping data for table `usuario`
--

LOCK TABLES `usuario` WRITE;
/*!40000 ALTER TABLE `usuario` DISABLE KEYS */;
INSERT INTO `usuario` VALUES (101,'Diego280',123230154,NULL,1001),(102,'Carla607',121940104,101,1002),(103,'Antonio817',-8440234,101,1003),(104,'Raul597',73383834,101,1004),(105,'Carlos467',146338765,101,1005),(106,'Miguel848',-74808752,101,1006),(107,'Pedro119',129527468,101,1007),(108,'Juan250',117944506,101,1008),(109,'Marta046',122712774,101,1009),(110,'Jose018',36000375,101,1010),(111,'Paula415',122183371,101,1011),(112,'Muriel276',179527767,101,1012),(113,'Sergio846',-14696027,101,1013),(114,'Francisco022',64134060,101,1014),(115,'Manuel949',138327290,101,1015),(116,'Paula316',13249631,101,1016),(117,'Roberto740',58560736,101,1017),(118,'Ricardo381',67771121,101,1018),(119,'Clara110',-39973960,101,1019),(120,'Adriana396',36024955,101,1020);
/*!40000 ALTER TABLE `usuario` ENABLE KEYS */;
UNLOCK TABLES;

--
-- Temporary view structure for view `vista_clasificacion_jugadores`
--

DROP TABLE IF EXISTS `vista_clasificacion_jugadores`;
/*!50001 DROP VIEW IF EXISTS `vista_clasificacion_jugadores`*/;
SET @saved_cs_client     = @@character_set_client;
/*!50503 SET character_set_client = utf8mb4 */;
/*!50001 CREATE VIEW `vista_clasificacion_jugadores` AS SELECT 
 1 AS `id_jugadores`,
 1 AS `jugador`,
 1 AS `equipo`,
 1 AS `puntos_totales`*/;
SET character_set_client = @saved_cs_client;

--
-- Temporary view structure for view `vista_resumen_traspasos_usuario`
--

DROP TABLE IF EXISTS `vista_resumen_traspasos_usuario`;
/*!50001 DROP VIEW IF EXISTS `vista_resumen_traspasos_usuario`*/;
SET @saved_cs_client     = @@character_set_client;
/*!50503 SET character_set_client = utf8mb4 */;
/*!50001 CREATE VIEW `vista_resumen_traspasos_usuario` AS SELECT 
 1 AS `id_usuario`,
 1 AS `usuario`,
 1 AS `total_gastado`*/;
SET character_set_client = @saved_cs_client;

--
-- Dumping routines for database 'proyectoBD_ligaFantasy_alg'
--
/*!50003 DROP FUNCTION IF EXISTS `obtener_puntos_usuario` */;
/*!50003 SET @saved_cs_client      = @@character_set_client */ ;
/*!50003 SET @saved_cs_results     = @@character_set_results */ ;
/*!50003 SET @saved_col_connection = @@collation_connection */ ;
/*!50003 SET character_set_client  = utf8mb4 */ ;
/*!50003 SET character_set_results = utf8mb4 */ ;
/*!50003 SET collation_connection  = utf8mb4_0900_ai_ci */ ;
/*!50003 SET @saved_sql_mode       = @@sql_mode */ ;
/*!50003 SET sql_mode              = 'ONLY_FULL_GROUP_BY,STRICT_TRANS_TABLES,NO_ZERO_IN_DATE,NO_ZERO_DATE,ERROR_FOR_DIVISION_BY_ZERO,NO_ENGINE_SUBSTITUTION' */ ;
DELIMITER ;;
CREATE DEFINER=`admin`@`%` FUNCTION `obtener_puntos_usuario`(id_usuario_param int) RETURNS int
    DETERMINISTIC
begin
    declare total_puntos int default 0;

    select ifnull(sum(cj.puntos), 0) + ifnull(sum(ce.puntos), 0) into total_puntos
    from usuario u
    left join jugadores j on u.id_usuario = j.id_propietario
    left join clasificacion_jug cj on j.id_jugadores = cj.id_jugadores
    left join entrenadores e on u.id_usuario = e.id_propietario
    left join clasificacion_ent ce on e.id_entrenadores = ce.id_entrenadores
    where u.id_usuario = id_usuario_param;

    return total_puntos;
end ;;
DELIMITER ;
/*!50003 SET sql_mode              = @saved_sql_mode */ ;
/*!50003 SET character_set_client  = @saved_cs_client */ ;
/*!50003 SET character_set_results = @saved_cs_results */ ;
/*!50003 SET collation_connection  = @saved_col_connection */ ;
/*!50003 DROP FUNCTION IF EXISTS `obtener_total_jugadores` */;
/*!50003 SET @saved_cs_client      = @@character_set_client */ ;
/*!50003 SET @saved_cs_results     = @@character_set_results */ ;
/*!50003 SET @saved_col_connection = @@collation_connection */ ;
/*!50003 SET character_set_client  = utf8mb4 */ ;
/*!50003 SET character_set_results = utf8mb4 */ ;
/*!50003 SET collation_connection  = utf8mb4_0900_ai_ci */ ;
/*!50003 SET @saved_sql_mode       = @@sql_mode */ ;
/*!50003 SET sql_mode              = 'ONLY_FULL_GROUP_BY,STRICT_TRANS_TABLES,NO_ZERO_IN_DATE,NO_ZERO_DATE,ERROR_FOR_DIVISION_BY_ZERO,NO_ENGINE_SUBSTITUTION' */ ;
DELIMITER ;;
CREATE DEFINER=`admin`@`%` FUNCTION `obtener_total_jugadores`(id_usuario int) RETURNS int
    DETERMINISTIC
begin
    declare total_jugadores int default 0;
    
    select count(*) 
    into total_jugadores
    from jugadores j
    where j.id_propietario = id_usuario;
    
    return total_jugadores;
end ;;
DELIMITER ;
/*!50003 SET sql_mode              = @saved_sql_mode */ ;
/*!50003 SET character_set_client  = @saved_cs_client */ ;
/*!50003 SET character_set_results = @saved_cs_results */ ;
/*!50003 SET collation_connection  = @saved_col_connection */ ;
/*!50003 DROP PROCEDURE IF EXISTS `clasificacion_usuarios` */;
/*!50003 SET @saved_cs_client      = @@character_set_client */ ;
/*!50003 SET @saved_cs_results     = @@character_set_results */ ;
/*!50003 SET @saved_col_connection = @@collation_connection */ ;
/*!50003 SET character_set_client  = utf8mb4 */ ;
/*!50003 SET character_set_results = utf8mb4 */ ;
/*!50003 SET collation_connection  = utf8mb4_0900_ai_ci */ ;
/*!50003 SET @saved_sql_mode       = @@sql_mode */ ;
/*!50003 SET sql_mode              = 'ONLY_FULL_GROUP_BY,STRICT_TRANS_TABLES,NO_ZERO_IN_DATE,NO_ZERO_DATE,ERROR_FOR_DIVISION_BY_ZERO,NO_ENGINE_SUBSTITUTION' */ ;
DELIMITER ;;
CREATE DEFINER=`admin`@`%` PROCEDURE `clasificacion_usuarios`()
begin
    select u.id_usuario, u.nombre, obtener_puntos_usuario(u.id_usuario) as total_puntos
    from usuario u
    order by total_puntos desc;
end ;;
DELIMITER ;
/*!50003 SET sql_mode              = @saved_sql_mode */ ;
/*!50003 SET character_set_client  = @saved_cs_client */ ;
/*!50003 SET character_set_results = @saved_cs_results */ ;
/*!50003 SET collation_connection  = @saved_col_connection */ ;
/*!50003 DROP PROCEDURE IF EXISTS `obtener_jugadores_usuario` */;
/*!50003 SET @saved_cs_client      = @@character_set_client */ ;
/*!50003 SET @saved_cs_results     = @@character_set_results */ ;
/*!50003 SET @saved_col_connection = @@collation_connection */ ;
/*!50003 SET character_set_client  = utf8mb4 */ ;
/*!50003 SET character_set_results = utf8mb4 */ ;
/*!50003 SET collation_connection  = utf8mb4_0900_ai_ci */ ;
/*!50003 SET @saved_sql_mode       = @@sql_mode */ ;
/*!50003 SET sql_mode              = 'ONLY_FULL_GROUP_BY,STRICT_TRANS_TABLES,NO_ZERO_IN_DATE,NO_ZERO_DATE,ERROR_FOR_DIVISION_BY_ZERO,NO_ENGINE_SUBSTITUTION' */ ;
DELIMITER ;;
CREATE DEFINER=`admin`@`%` PROCEDURE `obtener_jugadores_usuario`(in id_usuario int)
begin
    select u.nombre as usuario, j.id_jugadores, j.nombre as jugadores, j.valor
    from jugadores j inner join usuario u
    	on u.id_usuario = j.id_propietario
    where j.id_propietario = id_usuario and id_usuario= u.id_usuario;
end ;;
DELIMITER ;
/*!50003 SET sql_mode              = @saved_sql_mode */ ;
/*!50003 SET character_set_client  = @saved_cs_client */ ;
/*!50003 SET character_set_results = @saved_cs_results */ ;
/*!50003 SET collation_connection  = @saved_col_connection */ ;
/*!50003 DROP PROCEDURE IF EXISTS `obtener_precio_equipos_usuario` */;
/*!50003 SET @saved_cs_client      = @@character_set_client */ ;
/*!50003 SET @saved_cs_results     = @@character_set_results */ ;
/*!50003 SET @saved_col_connection = @@collation_connection */ ;
/*!50003 SET character_set_client  = utf8mb4 */ ;
/*!50003 SET character_set_results = utf8mb4 */ ;
/*!50003 SET collation_connection  = utf8mb4_0900_ai_ci */ ;
/*!50003 SET @saved_sql_mode       = @@sql_mode */ ;
/*!50003 SET sql_mode              = 'ONLY_FULL_GROUP_BY,STRICT_TRANS_TABLES,NO_ZERO_IN_DATE,NO_ZERO_DATE,ERROR_FOR_DIVISION_BY_ZERO,NO_ENGINE_SUBSTITUTION' */ ;
DELIMITER ;;
CREATE DEFINER=`admin`@`%` PROCEDURE `obtener_precio_equipos_usuario`()
begin
    select u.id_usuario, u.nombre as usuario, sum(j.valor) as precio_total_equipo, count(j.id_jugadores) as numero_jugadores
    from usuario u left join jugadores j 
    	on u.id_usuario = j.id_propietario
    group by u.id_usuario, u.nombre
    order by precio_total_equipo desc;
end ;;
DELIMITER ;
/*!50003 SET sql_mode              = @saved_sql_mode */ ;
/*!50003 SET character_set_client  = @saved_cs_client */ ;
/*!50003 SET character_set_results = @saved_cs_results */ ;
/*!50003 SET collation_connection  = @saved_col_connection */ ;

--
-- Final view structure for view `vista_clasificacion_jugadores`
--

/*!50001 DROP VIEW IF EXISTS `vista_clasificacion_jugadores`*/;
/*!50001 SET @saved_cs_client          = @@character_set_client */;
/*!50001 SET @saved_cs_results         = @@character_set_results */;
/*!50001 SET @saved_col_connection     = @@collation_connection */;
/*!50001 SET character_set_client      = utf8mb4 */;
/*!50001 SET character_set_results     = utf8mb4 */;
/*!50001 SET collation_connection      = utf8mb4_0900_ai_ci */;
/*!50001 CREATE ALGORITHM=UNDEFINED */
/*!50013 DEFINER=`admin`@`%` SQL SECURITY DEFINER */
/*!50001 VIEW `vista_clasificacion_jugadores` AS select `j`.`ID_JUGADORES` AS `id_jugadores`,`j`.`NOMBRE` AS `jugador`,`j`.`EQUIPO` AS `equipo`,sum(`c`.`PUNTOS`) AS `puntos_totales` from (`jugadores` `j` join `clasificacion_jug` `c` on((`j`.`ID_JUGADORES` = `c`.`ID_JUGADORES`))) group by `j`.`ID_JUGADORES`,`j`.`NOMBRE`,`j`.`EQUIPO` order by `puntos_totales` desc */;
/*!50001 SET character_set_client      = @saved_cs_client */;
/*!50001 SET character_set_results     = @saved_cs_results */;
/*!50001 SET collation_connection      = @saved_col_connection */;

--
-- Final view structure for view `vista_resumen_traspasos_usuario`
--

/*!50001 DROP VIEW IF EXISTS `vista_resumen_traspasos_usuario`*/;
/*!50001 SET @saved_cs_client          = @@character_set_client */;
/*!50001 SET @saved_cs_results         = @@character_set_results */;
/*!50001 SET @saved_col_connection     = @@collation_connection */;
/*!50001 SET character_set_client      = utf8mb4 */;
/*!50001 SET character_set_results     = utf8mb4 */;
/*!50001 SET collation_connection      = utf8mb4_0900_ai_ci */;
/*!50001 CREATE ALGORITHM=UNDEFINED */
/*!50013 DEFINER=`admin`@`%` SQL SECURITY DEFINER */
/*!50001 VIEW `vista_resumen_traspasos_usuario` AS select `u`.`ID_USUARIO` AS `id_usuario`,`u`.`NOMBRE` AS `usuario`,sum(`t`.`PRECIO_TRASPASO`) AS `total_gastado` from (`traspaso_jug` `t` join `usuario` `u` on((`t`.`ID_COMPRADOR` = `u`.`ID_USUARIO`))) group by `u`.`ID_USUARIO`,`u`.`NOMBRE` order by `total_gastado` desc */;
/*!50001 SET character_set_client      = @saved_cs_client */;
/*!50001 SET character_set_results     = @saved_cs_results */;
/*!50001 SET collation_connection      = @saved_col_connection */;
/*!40103 SET TIME_ZONE=@OLD_TIME_ZONE */;

/*!40101 SET SQL_MODE=@OLD_SQL_MODE */;
/*!40014 SET FOREIGN_KEY_CHECKS=@OLD_FOREIGN_KEY_CHECKS */;
/*!40014 SET UNIQUE_CHECKS=@OLD_UNIQUE_CHECKS */;
/*!40101 SET CHARACTER_SET_CLIENT=@OLD_CHARACTER_SET_CLIENT */;
/*!40101 SET CHARACTER_SET_RESULTS=@OLD_CHARACTER_SET_RESULTS */;
/*!40101 SET COLLATION_CONNECTION=@OLD_COLLATION_CONNECTION */;
/*!40111 SET SQL_NOTES=@OLD_SQL_NOTES */;

-- Dump completed on 2025-03-28 22:52:26
