INSERT INTO proyectofinalbd_alg.PLANTILLA (ID_PLANTILLA, FORMACION) VALUES
	('1001', '4-5-1'),
	('1002', '5-3-2'),
	('1003', '4-5-1'),
	('1004', '5-3-2'),
	('1005', '3-5-2'),
	('1006', '5-3-2'),
	('1007', '4-3-3'),
	('1008', '4-4-2'),
	('1009', '4-4-2'),
	('1010', '3-4-3'),
	('1011', '3-4-3'),
	('1012', '4-3-3'),
	('1013', '4-3-3'),
	('1014', '4-3-3'),
	('1015', '4-2-3-1'),
	('1016', '5-3-2'),
	('1017', '4-5-1'),
	('1018', '5-3-2'),
	('1019', '5-3-2'),
	('1020', '4-3-3');
	
INSERT INTO proyectofinalbd_alg.USUARIO (ID_USUARIO, NOMBRE, PRESUPUESTO, ID_ADMIN, ID_PLANTILLA) VALUES
	(101, 'Diego280', '123230154',null , '1001'),
	(102, 'Carla607', '55940104', 101, '1002'),
	(103, 'Antonio817', '37559766', 101, '1003'),
	(104, 'Raul597', '44383834', 101, '1004'),
	(105, 'Carlos467', '100338765', 101, '1005'),
	(106, 'Miguel848', '21191248', 101, '1006'),
	(107, 'Pedro119', '129527468', 101, '1007'),
	(108, 'Juan250', '117944506', 101, '1008'),
	(109, 'Marta046', '97712774', 101, '1009'),
	(110, 'Jose018', '36000375', 101, '1010'),
	(111, 'Paula415', '122183371', 101, '1011'),
	(112, 'Muriel276', '112527767', 101, '1012'),
	(113, 'Sergio846', '10303973', 101, '1013'),
	(114, 'Francisco022', '64134060', 101, '1014'),
	(115, 'Manuel949', '138327290', 101, '1015'),
	(116, 'Paula316', '13249631', 101, '1016'),
	(117, 'Roberto740', '58560736', 101, '1017'),
	(118, 'Ricardo381', '67771121', 101, '1018'),
	(119, 'Clara110', '26026040', 101, '1019'),
	(120, 'Adriana396', '36024955', 101, '1020');
	

INSERT INTO proyectofinalbd_alg.JUGADORES (ID_JUGADORES, NOMBRE, NACIONALIDAD, POSICION, EQUIPO, GOLES, ASISTENCIAS, VALOR, ID_PROPIETARIO) VALUES
	('10001', 'Thibaut Courtois', 'Belga', 'Portero', 'Real Madrid CF', '0', '0', '53600000', '102'),
	('10002', 'Andriy Lunin', 'Ucraniano', 'Portero', 'Real Madrid CF', '0', '0', '5030000', '108'),
	('10003', 'Dani Carvajal', 'Español', 'Defensa', 'Real Madrid CF', '5', '9', '27900000', '103'),
	('10004', 'Lucas Vazquez', 'Español', 'Defensa', 'Real Madrid CF', '14', '11', '12800000', '107'),
	('10005', 'Antonio Rüdiger', 'Aleman', 'Defensa', 'Real Madrid CF', '4', '2', '57100000', '118'),
	('10006', 'David Alaba', 'Austriaco', 'Defensa', 'Real Madrid CF', '23', '13', '46900000', '105'),
	('10007', 'Eder Militão', 'Brasileño', 'Defensa', 'Real Madrid CF', '7', '9', '43600000', '116'),
	('10008', 'Ferland Mendy', 'Frances', 'Defensa', 'Real Madrid CF', '26', '4', '18900000', '108'),
	('10009', 'Fran Garcia', 'Español', 'Defensa', 'Real Madrid CF', '4', '19', '5690000', '118'),
	('10010', 'Aurelien Tchouameni', 'Frances', 'Centrocampista', 'Real Madrid CF', '27', '3', '86500000', '101'),
	('10011', 'Eduardo Camavinga', 'Frances', 'Centrocampista', 'Real Madrid CF', '4', '0', '23000000', '105'),
	('10012', 'Federico Valverde', 'Uruguayo', 'Centrocampista', 'Real Madrid CF', '5', '4', '72600000', '120'),
	('10013', 'Luka Modrić', 'Croata', 'Centrocampista', 'Real Madrid CF', '29', '16', '10600000', '107'),
	('10014', 'Toni Kroos', 'Aleman', 'Centrocampista', 'Real Madrid CF', '13', '0', '84800000', '104'),
	('10015', 'Jude Bellingham', 'Ingles', 'Centrocampista', 'Real Madrid CF', '3', '11', '96100000', '116'),
	('10016', 'Brahim Diaz', 'Español', 'Centrocampista', 'Real Madrid CF', '13', '10', '5900000', '108'),
	('10017', 'Vinicius Junior', 'Brasileño', 'Delantero', 'Real Madrid CF', '24', '14', '183000000', '103'),
	('10018', 'Rodrygo Goes', 'Brasileño', 'Delantero', 'Real Madrid CF', '26', '12', '62100000', '120'),
	('10019', 'Joselu', 'Español', 'Delantero', 'Real Madrid CF', '2', '16', '25000000', '107'),
	('10020', 'Kylian Mbappe', 'Frances', 'Delantero', 'Real Madrid CF', '12', '12', '171300000', '120'),
	('10021', 'Marc-Andre ter Stegen', 'Aleman', 'Portero', 'FC Barcelona', '0', '0', '58400000', '112'),
	('10022', 'Iñaki Peña', 'Español', 'Portero', 'FC Barcelona', '0', '0', '748000', null),
	('10023', 'Wojciech Szczęsny', 'Polaco', 'Portero', 'FC Barcelona', '0', '0', '3610000', '105'),
	('10024', 'Ander Astralaga', 'Español', 'Portero', 'FC Barcelona', '0', '0', '410000', '120'),
	('10025', 'Aron Yaakobishvili', 'Hungaro', 'Portero', 'FC Barcelona', '0', '0', '579000', '102'),
	('10026', 'Jules Kounde', 'Frances', 'Defensa', 'FC Barcelona', '0', '1', '70200000', null),
	('10027', 'Ronald Araujo', 'Uruguayo', 'Defensa', 'FC Barcelona', '17', '9', '10900000', '104'),
	('10028', 'Andreas Christensen', 'Danes', 'Defensa', 'FC Barcelona', '1', '10', '5500000', '118'),
	('10029', 'Iñigo Martinez', 'Español', 'Defensa', 'FC Barcelona', '8', '17', '34900000', '108'),
	('10030', 'Alejandro Balde', 'Español', 'Defensa', 'FC Barcelona', '21', '16', '4900000', '107'),
	('10031', 'Sergi Roberto', 'Español', 'Defensa', 'FC Barcelona', '25', '8', '10500000', '105'),
	('10032', 'Eric Garcia', 'Español', 'Defensa', 'FC Barcelona', '26', '6', '29400000', '118'),
	('10033', 'Pau Cubarsi', 'Español', 'Defensa', 'FC Barcelona', '4', '2', '38400000', '101'),
	('10034', 'Gerard Martin', 'Español', 'Defensa', 'FC Barcelona', '12', '2', '7430000', '118'),
	('10035', 'Frenkie de Jong', 'Neerlandes', 'Centrocampista', 'FC Barcelona', '28', '8', '62500000', '112'),
	('10036', 'Gavi', 'Español', 'Centrocampista', 'FC Barcelona', '21', '0', '31700000', '104'),
	('10037', 'Pedri', 'Español', 'Centrocampista', 'FC Barcelona', '7', '3', '8000000', null),
	('10038', 'Ilkay Gündogan', 'Aleman', 'Centrocampista', 'FC Barcelona', '25', '7', '12000000', '102'),
	('10039', 'Marc Casado', 'Español', 'Centrocampista', 'FC Barcelona', '4', '16', '12500000', null),
	('10040', 'Marc Bernal', 'Español', 'Centrocampista', 'FC Barcelona', '27', '14', '36700000', '105'),
	('10041', 'Lamine Yamal', 'Español', 'Delantero', 'FC Barcelona', '5', '9', '89500000', null),
	('10042', 'Raphinha', 'Brasileño', 'Delantero', 'FC Barcelona', '28', '1', '94700000', '108'),
	('10043', 'Robert Lewandowski', 'Polaco', 'Delantero', 'FC Barcelona', '19', '9', '36000000', '118'),
	('10044', 'Ferran Torres', 'Español', 'Delantero', 'FC Barcelona', '27', '6', '26900000', null),
	('10045', 'Ansu Fati', 'Español', 'Delantero', 'FC Barcelona', '20', '19', '76600000', '101'),
	('10046', 'Jan Oblak', 'Esloveno', 'Portero', 'Atletico de Madrid', '0', '0', '97700000', '120'),
	('10047', 'Juan Musso', 'Argentino', 'Portero', 'Atletico de Madrid', '0', '0', '291000', '104'),
	('10048', 'Antonio Gomis', 'Español', 'Portero', 'Atletico de Madrid', '0', '0', '420000', '107'),
	('10049', 'Alejandro Iturbe', 'Español', 'Portero', 'Atletico de Madrid', '0', '0', '120000', '102'),
	('10050', 'Nahuel Molina', 'Argentino', 'Defensa', 'Atletico de Madrid', '2', '20', '3300000', null),
	('10051', 'Jose Maria Gimenez', 'Uruguayo', 'Defensa', 'Atletico de Madrid', '1', '12', '74600000', null),
	('10052', 'Mario Hermoso', 'Español', 'Defensa', 'Atletico de Madrid', '10', '5', '13200000', '120'),
	('10053', 'Stefan Savić', 'Montenegrino', 'Defensa', 'Atletico de Madrid', '8', '17', '34900000', '112'),
	('10054', 'Reinildo Mandava', 'Mozambiqueño', 'Defensa', 'Atletico de Madrid', '20', '19', '67200000', null),
	('10055', 'Cesar Azpilicueta', 'Español', 'Defensa', 'Atletico de Madrid', '16', '18', '48000000', '120'),
	('10056', 'Javi Galan', 'Español', 'Defensa', 'Atletico de Madrid', '28', '5', '18700000', null),
	('10057', 'Robin Le Normand', 'Español', 'Defensa', 'Atletico de Madrid', '13', '14', '16900000', '112'),
	('10058', 'Clement Lenglet', 'Frances', 'Defensa', 'Atletico de Madrid', '25', '6', '24900000', null),
	('10059', 'Koke Resurreccion', 'Español', 'Centrocampista', 'Atletico de Madrid', '25', '11', '25700000', '101'),
	('10060', 'Rodrigo de Paul', 'Argentino', 'Centrocampista', 'Atletico de Madrid', '23', '19', '48500000', null),
	('10061', 'Marcos Llorente', 'Español', 'Centrocampista', 'Atletico de Madrid', '5', '14', '19400000', '105'),
	('10062', 'Thomas Lemar', 'Frances', 'Centrocampista', 'Atletico de Madrid', '24', '8', '12100000', '108'),
	('10063', 'Pablo Barrios', 'Español', 'Centrocampista', 'Atletico de Madrid', '11', '19', '91400000', '107'),
	('10064', 'Conor Gallagher', 'Ingles', 'Centrocampista', 'Atletico de Madrid', '16', '12', '36400000', '104'),
	('10065', 'Antoine Griezmann', 'Frances', 'Delantero', 'Atletico de Madrid', '7', '16', '71600000', null),
	('10066', 'Alvaro Morata', 'Español', 'Delantero', 'Atletico de Madrid', '5', '5', '5500000', '104'),
	('10067', 'Memphis Depay', 'Neerlandes', 'Delantero', 'Atletico de Madrid', '6', '9', '140300000', null),
	('10068', 'Angel Correa', 'Argentino', 'Delantero', 'Atletico de Madrid', '20', '2', '9600000', '112'),
	('10069', 'Samuel Lino', 'Brasileño', 'Delantero', 'Atletico de Madrid', '2', '18', '400000', null),
	('10070', 'Julian alvarez', 'Argentino', 'Delantero', 'Atletico de Madrid', '0', '9', '79500000', '112'),
	('10071', 'Giuliano Simeone', 'Argentino', 'Delantero', 'Atletico de Madrid', '17', '9', '8800000', '116'),
	('10072', 'Unai Simon', 'Español', 'Portero', 'Athletic Club', '0', '1', '29600000', '112'),
	('10073', 'Julen Agirrezabala', 'Español', 'Portero', 'Athletic Club', '0', '0', '7600000', null),
	('10074', 'Oier Gastesi', 'Español', 'Portero', 'Athletic Club', '0', '0', '358000', '101'),
	('10075', 'Alejandro Padilla', 'Español', 'Portero', 'Athletic Club', '0', '0', '926000', null),
	('10076', 'oscar de Marcos', 'Español', 'Defensa', 'Athletic Club', '25', '2', '36800000', null),
	('10077', 'Dani Vivian', 'Español', 'Defensa', 'Athletic Club', '27', '6', '16900000', '112'),
	('10078', 'Aitor Paredes', 'Español', 'Defensa', 'Athletic Club', '27', '13', '18300000', null),
	('10079', 'Yeray alvarez', 'Español', 'Defensa', 'Athletic Club', '12', '12', '30400000', '105'),
	('10080', 'Yuri Berchiche', 'Español', 'Defensa', 'Athletic Club', '21', '13', '13200000', null),
	('10081', 'Iñigo Lekue', 'Español', 'Defensa', 'Athletic Club', '12', '19', '22600000', '108'),
	('10082', 'Mikel Balenziaga', 'Español', 'Defensa', 'Athletic Club', '20', '16', '66300000', '118'),
	('10083', 'Ander Capa', 'Español', 'Defensa', 'Athletic Club', '22', '11', '39000000', '103'),
	('10084', 'Mikel Vesga', 'Español', 'Centrocampista', 'Athletic Club', '20', '7', '8100000', '113'),
	('10085', 'Oihan Sancet', 'Español', 'Centrocampista', 'Athletic Club', '6', '20', '17300000', '113'),
	('10086', 'Unai Vencedor', 'Español', 'Centrocampista', 'Athletic Club', '28', '19', '8600000', '112'),
	('10087', 'Iker Muniain', 'Español', 'Centrocampista', 'Athletic Club', '17', '6', '96300000', '102'),
	('10088', 'Ander Herrera', 'Español', 'Centrocampista', 'Athletic Club', '27', '13', '5100000', '118'),
	('10089', 'Alex Berenguer', 'Español', 'Delantero', 'Athletic Club', '12', '5', '73900000', '105'),
	('10090', 'Iñaki Williams', 'Ghanes', 'Delantero', 'Athletic Club', '30', '9', '36100000', '118'),
	('10091', 'Nico Williams', 'Español', 'Delantero', 'Athletic Club', '29', '19', '28300000', '101'),
	('10092', 'Gorka Guruzeta', 'Español', 'Delantero', 'Athletic Club', '20', '7', '67800000', '112'),
	('10093', 'Alvaro Djalo', 'Español', 'Delantero', 'Athletic Club', '7', '1', '643000', '105'),
	('10094', 'Raul Garcia', 'Español', 'Delantero', 'Athletic Club', '5', '15', '83400000', null),
	('10095', 'Dominik Greif', 'Eslovaco', 'Portero', 'RCD Mallorca', '0', '0', '4660000', '104'),
	('10096', 'Leo Roman', 'Español', 'Portero', 'RCD Mallorca', '0', '0', '372000', '120'),
	('10097', 'Ivan Cuellar', 'Español', 'Portero', 'RCD Mallorca', '0', '0', '247000', null),
	('10098', 'Mateu Morey', 'Español', 'Defensa', 'RCD Mallorca', '15', '13', '2160000', '108'),
	('10099', 'Braian Cufre', 'Argentino', 'Defensa', 'RCD Mallorca', '14', '20', '23600000', '109'),
	('10100', 'Toni Lato', 'Español', 'Defensa', 'RCD Mallorca', '26', '15', '5000000', '116'),
	('10101', 'Siebe Van der Heyden', 'Belga', 'Defensa', 'RCD Mallorca', '20', '10', '12000000', '107'),
	('10102', 'Jose Copete', 'Español', 'Defensa', 'RCD Mallorca', '6', '6', '6940000', null),
	('10103', 'Antonio Raillo', 'Español', 'Defensa', 'RCD Mallorca', '1', '11', '24700000', '112'),
	('10104', 'Johan Mojica', 'Colombiano', 'Defensa', 'RCD Mallorca', '22', '12', '36300000', '116'),
	('10105', 'Pablo Maffeo', 'Español', 'Defensa', 'RCD Mallorca', '20', '19', '71400000', '120'),
	('10106', 'Martin Valjent', 'Eslovaco', 'Defensa', 'RCD Mallorca', '7', '3', '83400000', '120'),
	('10107', 'Sebastian Wade', 'Español', 'Defensa', 'RCD Mallorca', '18', '0', '73200000', '105'),
	('10108', 'Omar Mascarell', 'Español', 'Centrocampista', 'RCD Mallorca', '3', '8', '50300000', null),
	('10109', 'Manu Morlanes', 'Español', 'Centrocampista', 'RCD Mallorca', '4', '20', '17800000', '108'),
	('10110', 'Sergi Darder', 'Español', 'Centrocampista', 'RCD Mallorca', '28', '18', '40200000', '118'),
	('10111', 'Samu Costa', 'Portugues', 'Centrocampista', 'RCD Mallorca', '15', '10', '34900000', '101'),
	('10112', 'Dani Rodriguez', 'Español', 'Centrocampista', 'RCD Mallorca', '11', '20', '25900000', null),
	('10113', 'Amath Ndiaye', 'Senagales', 'Delantero', 'RCD Mallorca', '30', '14', '16400000', '118'),
	('10114', 'Vedat Muriqi', 'Kosovar', 'Delantero', 'RCD Mallorca', '30', '14', '30800000', '107'),
	('10115', 'Kang-In Lee', 'Surcoreano', 'Delantero', 'RCD Mallorca', '14', '5', '56300000', null),
	('10116', 'Abdon Prats', 'Español', 'Delantero', 'RCD Mallorca', '14', '15', '75700000', '104'),
	('10117', 'Cyle Larin', 'Canadiense', 'Delantero', 'RCD Mallorca', '4', '2', '2190000', null),
	('10118', 'Luiz Junior', 'Brasileño', 'Portero', 'Villarreal CF', '0', '0', '712000', '113'),
	('10119', 'Diego Conde', 'Español', 'Portero', 'Villarreal CF', '0', '0', '310000', null),
	('10120', 'Iker alvarez', 'Andorrano', 'Portero', 'Villarreal CF', '0', '0', '252000', '116'),
	('10121', 'Ruben Gomez', 'Español', 'Portero', 'Villarreal CF', '0', '0', '2540000', null),
	('10122', 'Raul Albiol', 'Español', 'Defensa', 'Villarreal CF', '3', '10', '88300000', '101'),
	('10123', 'Eric Bailly', 'Marfileño', 'Defensa', 'Villarreal CF', '9', '16', '97900000', '116'),
	('10124', 'Logan Costa', 'Caboverdiano', 'Defensa', 'Villarreal CF', '24', '8', '96700000', null),
	('10125', 'Juan Foyth', 'Argentino', 'Defensa', 'Villarreal CF', '28', '13', '46000000', '120'),
	('10126', 'Juan Bernat', 'Español', 'Defensa', 'Villarreal CF', '30', '1', '24600000', '108'),
	('10127', 'Kiko Femenia', 'Español', 'Defensa', 'Villarreal CF', '25', '13', '99900000', null),
	('10128', 'Sergi Cardona', 'Español', 'Defensa', 'Villarreal CF', '30', '3', '35800000', '107'),
	('10129', 'Alfonso Pedraza', 'Español', 'Defensa', 'Villarreal CF', '0', '17', '38300000', '120'),
	('10130', 'Pau Navarro', 'Español', 'Defensa', 'Villarreal CF', '30', '14', '18800000', '118'),
	('10131', 'Dani Parejo', 'Español', 'Centrocampista', 'Villarreal CF', '9', '5', '78400000', '104'),
	('10132', 'Santi Comesaña', 'Español', 'Centrocampista', 'Villarreal CF', '3', '14', '70500000', '109'),
	('10133', 'Pape Gueye', 'Senegales', 'Centrocampista', 'Villarreal CF', '11', '14', '67500000', null),
	('10134', 'Denis Suarez', 'Español', 'Centrocampista', 'Villarreal CF', '12', '17', '55900000', '112'),
	('10135', 'Alex Baena', 'Español', 'Centrocampista', 'Villarreal CF', '17', '10', '65700000', null),
	('10136', 'Yeremy Pino', 'Español', 'Delantero', 'Villarreal CF', '7', '20', '30900000', '113'),
	('10137', 'Gerard Moreno', 'Español', 'Delantero', 'Villarreal CF', '29', '6', '81100000', '120'),
	('10138', 'Ayoze Perez', 'Español', 'Delantero', 'Villarreal CF', '15', '17', '23200000', '101'),
	('10139', 'Thierno Barry', 'Guineano', 'Delantero', 'Villarreal CF', '20', '19', '8780000', null),
	('10140', 'Nicolas Pepe', 'Marfileño', 'Delantero', 'Villarreal CF', '28', '1', '27200000', '119'),
	('10141', 'Ilias Akhomach', 'Español', 'Delantero', 'Villarreal CF', '22', '18', '8140000', '102'),
	('10142', 'alex Remiro', 'Español', 'Portero', 'Real Sociedad', '0', '0', '7480000', '108'),
	('10143', 'Unai Marrero', 'Español', 'Portero', 'Real Sociedad', '0', '0', '730000', null),
	('10144', 'Aitor Fraga', 'Español', 'Portero', 'Real Sociedad', '0', '0', '591000', '118'),
	('10145', 'Egoitz Arana', 'Español', 'Portero', 'Real Sociedad', '0', '0', '503000', '104'),
	('10146', 'Aihen Muñoz', 'Español', 'Defensa', 'Real Sociedad', '6', '17', '9600000', '112'),
	('10147', 'Aritz Elustondo', 'Español', 'Defensa', 'Real Sociedad', '20', '6', '39900000', '107'),
	('10148', 'Igor Zubeldia', 'Español', 'Defensa', 'Real Sociedad', '24', '14', '23200000', '107'),
	('10149', 'Nayef Aguerd', 'Marroqui', 'Defensa', 'Real Sociedad', '14', '17', '44300000', '112'),
	('10150', 'Alvaro Odriozola', 'Español', 'Defensa', 'Real Sociedad', '0', '10', '61000000', null),
	('10151', 'Andoni Gorosabel', 'Español', 'Defensa', 'Real Sociedad', '2', '4', '6400000', '113'),
	('10152', 'Jon Pacheco', 'Español', 'Defensa', 'Real Sociedad', '2', '9', '1300000', '119'),
	('10153', 'Kieran Tierney', 'Escoces', 'Defensa', 'Real Sociedad', '7', '16', '27200000', '116'),
	('10154', 'Martin Zubimendi', 'Español', 'Centrocampista', 'Real Sociedad', '14', '0', '6900000', '116'),
	('10155', 'Brais Mendez', 'Español', 'Centrocampista', 'Real Sociedad', '22', '7', '17800000', '104'),
	('10156', 'Mikel Merino', 'Español', 'Centrocampista', 'Real Sociedad', '29', '17', '9300000', '120'),
	('10157', 'Ander Barrenetxea', 'Español', 'Centrocampista', 'Real Sociedad', '16', '2', '34500000', '111'),
	('10158', 'David Silva', 'Español', 'Centrocampista', 'Real Sociedad', '22', '19', '19400000', '115'),
	('10159', 'Takefusa Kubo', 'Japones', 'Centrocampista', 'Real Sociedad', '15', '6', '7000000', '112'),
	('10160', 'Mohamed-Ali Cho', 'Frances', 'Delantero', 'Real Sociedad', '13', '7', '6900000', null),
	('10161', 'Mikel Oyarzabal', 'Español', 'Delantero', 'Real Sociedad', '2', '1', '15500000', '103'),
	('10162', 'Carlos Fernandez', 'Español', 'Delantero', 'Real Sociedad', '4', '19', '499000', '115'),
	('10163', 'Umar Sadiq', 'Nigeriano', 'Delantero', 'Real Sociedad', '8', '7', '896000', null),
	('10164', 'Jon Karrikaburu', 'Español', 'Delantero', 'Real Sociedad', '3', '17', '51100000', '108'),
	('10165', 'Sergio Herrera', 'Español', 'Portero', 'CA Osasuna', '0', '1', '18800000', '105'),
	('10166', 'Aitor Fernandez', 'Español', 'Portero', 'CA Osasuna', '0', '0', '4100000', '119'),
	('10167', 'Pablo Valencia', 'Español', 'Portero', 'CA Osasuna', '0', '0', '180000', '118'),
	('10168', 'Dimitrios Stamatakis', 'Griego', 'Portero', 'CA Osasuna', '0', '0', '121000', '103'),
	('10169', 'Nacho Vidal', 'Español', 'Defensa', 'CA Osasuna', '15', '13', '97700000', '119'),
	('10170', 'Juan Cruz', 'Español', 'Defensa', 'CA Osasuna', '30', '18', '4900000', null),
	('10171', 'Unai Garcia', 'Español', 'Defensa', 'CA Osasuna', '23', '1', '13000000', '120'),
	('10172', 'Jorge Herrando', 'Español', 'Defensa', 'CA Osasuna', '27', '19', '15800000', '104'),
	('10173', 'Jesus Areso', 'Español', 'Defensa', 'CA Osasuna', '10', '19', '75400000', '109'),
	('10174', 'Ruben Peña', 'Español', 'Defensa', 'CA Osasuna', '28', '8', '9940000', null),
	('10175', 'Flavien-Enzo Boyomo', 'Camerunes', 'Defensa', 'CA Osasuna', '4', '13', '65600000', '101'),
	('10176', 'Alejandro Catena', 'Español', 'Defensa', 'CA Osasuna', '14', '1', '51900000', null),
	('10177', 'Diego Espejo', 'Español', 'Defensa', 'CA Osasuna', '2', '6', '65100000', '118'),
	('10178', 'Abel Bretones', 'Español', 'Defensa', 'CA Osasuna', '20', '4', '2700000', '107'),
	('10179', 'Lucas Torro', 'Español', 'Centrocampista', 'CA Osasuna', '21', '10', '25200000', null),
	('10180', 'Jon Moncayola', 'Español', 'Centrocampista', 'CA Osasuna', '23', '1', '28500000', '118'),
	('10181', 'Ruben Garcia', 'Español', 'Centrocampista', 'CA Osasuna', '14', '10', '47600000', '111'),
	('10182', 'Moi Gomez', 'Español', 'Centrocampista', 'CA Osasuna', '28', '17', '32700000', null),
	('10183', 'Aimar Oroz', 'Español', 'Centrocampista', 'CA Osasuna', '8', '20', '40900000', null),
	('10184', 'Iker Muñoz', 'Español', 'Centrocampista', 'CA Osasuna', '4', '8', '3200000', '102'),
	('10185', 'Javi Martinez', 'Español', 'Centrocampista', 'CA Osasuna', '9', '10', '23500000', null),
	('10186', 'Kike Barja', 'Español', 'Centrocampista', 'CA Osasuna', '4', '6', '29300000', null),
	('10187', 'Jose Arnaiz', 'Español', 'Delantero', 'CA Osasuna', '6', '15', '6700000', '118'),
	('10188', 'Ante Budimir', 'Croata', 'Delantero', 'CA Osasuna', '13', '1', '50600000', null),
	('10189', 'Iker Benito', 'Español', 'Delantero', 'CA Osasuna', '5', '12', '1800000', null),
	('10190', 'Chimy Avila', 'Argentino', 'Delantero', 'CA Osasuna', '2', '11', '6910000', null),
	('10191', 'Bryan Zaragoza', 'Español', 'Delantero', 'CA Osasuna', '8', '19', '10300000', '104'),
	('10192', 'Rui Silva', 'Portugues', 'Portero', 'Real Betis', '0', '0', '20700000', null),
	('10193', 'Adrian', 'Español', 'Portero', 'Real Betis', '0', '0', '920000', '113'),
	('10194', 'Fran Vieites', 'Español', 'Portero', 'Real Betis', '0', '0', '470000', null),
	('10195', 'German Garcia', 'Español', 'Portero', 'Real Betis', '0', '0', '796000', '107'),
	('10196', 'Hector Bellerin', 'Español', 'Defensa', 'Real Betis', '23', '16', '9970000', '120'),
	('10197', 'Diego Llorente', 'Español', 'Defensa', 'Real Betis', '19', '20', '50000000', null),
	('10198', 'Marc Bartra', 'Español', 'Defensa', 'Real Betis', '29', '9', '12600000', '101'),
	('10199', 'Natan', 'Brasileño', 'Defensa', 'Real Betis', '25', '9', '44500000', null),
	('10200', 'Ricardo Rodriguez', 'Suizo', 'Defensa', 'Real Betis', '3', '9', '9100000', '111'),
	('10201', 'Romain Perraud', 'Frances', 'Defensa', 'Real Betis', '15', '1', '11100000', null),
	('10202', 'Youssouf Sabaly', 'Senegales', 'Defensa', 'Real Betis', '9', '5', '33600000', '107'),
	('10203', 'Nobel Mendy', 'Español', 'Defensa', 'Real Betis', '11', '1', '46600000', '102'),
	('10204', 'Johnny Cardoso', 'Estadounidense', 'Centrocampista', 'Real Betis', '26', '14', '64400000', '117'),
	('10205', 'William Carvalho', 'Portugues', 'Centrocampista', 'Real Betis', '21', '16', '55600000', '117'),
	('10206', 'Sergi Altimira', 'Español', 'Centrocampista', 'Real Betis', '12', '0', '14700000', '113'),
	('10207', 'Pablo Fornals', 'Español', 'Centrocampista', 'Real Betis', '6', '2', '49200000', null),
	('10208', 'Iker Losada', 'Español', 'Centrocampista', 'Real Betis', '25', '4', '26000000', '101'),
	('10209', 'Giovani Lo Celso', 'Argentino', 'Centrocampista', 'Real Betis', '4', '7', '4030000', null),
	('10210', 'Marc Roca', 'Español', 'Centrocampista', 'Real Betis', '5', '8', '8060000', '109'),
	('10211', 'Isco', 'Español', 'Centrocampista', 'Real Betis', '22', '6', '57700000', '103'),
	('10212', 'Aitor Ruibal', 'Español', 'Delantero', 'Real Betis', '15', '2', '6050000', '117'),
	('10213', 'Vitor Roque', 'Brasileño', 'Delantero', 'Real Betis', '2', '15', '7800000', '113'),
	('10214', 'Chimy avila', 'Argentino', 'Delantero', 'Real Betis', '9', '0', '5600000', null),
	('10215', 'Abde Ezzalzouli', 'Marroqui', 'Delantero', 'Real Betis', '7', '3', '32500000', '109'),
	('10216', 'Rodri', 'Español', 'Delantero', 'Real Betis', '12', '13', '12400000', '107'),
	('10217', 'Jesus Rodriguez', 'Español', 'Delantero', 'Real Betis', '6', '0', '23500000', '116'),
	('10218', 'Paulo Gazzaniga', 'Argentino', 'Portero', 'Girona FC', '0', '0', '5600000', '111'),
	('10219', 'Juan Carlos', 'Español', 'Portero', 'Girona FC', '0', '0', '441000', '102'),
	('10220', 'Vladyslav Krapyvtsov', 'Ucraniano', 'Portero', 'Girona FC', '0', '0', '224000', null),
	('10221', 'Arnau Martinez', 'Español', 'Defensa', 'Girona FC', '8', '12', '8500000', '111'),
	('10222', 'David Lopez', 'Español', 'Defensa', 'Girona FC', '18', '16', '18800000', '102'),
	('10223', 'Ladislav Krejči', 'Checo', 'Defensa', 'Girona FC', '13', '8', '39400000', null),
	('10224', 'Miguel Gutierrez', 'Español', 'Defensa', 'Girona FC', '25', '13', '79600000', null),
	('10225', 'Juanpe', 'Español', 'Defensa', 'Girona FC', '14', '10', '4800000', '107'),
	('10226', 'Alejandro Frances', 'Español', 'Defensa', 'Girona FC', '21', '4', '7080000', null),
	('10227', 'Yaser Asprilla', 'Colombiano', 'Centrocampista', 'Girona FC', '27', '10', '17900000', null),
	('10228', 'Oriol Romeu', 'Español', 'Centrocampista', 'Girona FC', '7', '3', '2300000', '115'),
	('10229', 'Ivan Martin', 'Español', 'Centrocampista', 'Girona FC', '16', '7', '9300000', '101'),
	('10230', 'Yangel Herrera', 'Venezolano', 'Centrocampista', 'Girona FC', '6', '11', '1900000', null),
	('10231', 'Bryan Gil', 'Español', 'Centrocampista', 'Girona FC', '4', '11', '35100000', '103'),
	('10232', 'Viktor Tsygankov', 'Ucraniano', 'Centrocampista', 'Girona FC', '22', '4', '40000000', null),
	('10233', 'Jhon Solis', 'Colombiano', 'Centrocampista', 'Girona FC', '10', '5', '88600000', null),
	('10234', 'Dawda Camara', 'Senegales', 'Delantero', 'Girona FC', '29', '4', '67200000', '114'),
	('10235', 'Artem Dovbyk', 'Ucraniano', 'Delantero', 'Girona FC', '15', '13', '4900000', '115'),
	('10236', 'Valentin Castellanos', 'Argentino', 'Delantero', 'Girona FC', '1', '6', '26300000', null),
	('10237', 'Cristhian Stuani', 'Uruguayo', 'Delantero', 'Girona FC', '0', '16', '13300000', '120'),
	('10238', 'Alvaro Fernandez', 'Español', 'Portero', 'Sevilla FC', '0', '0', '3900000', '107'),
	('10239', 'Ørjan Nyland', 'Noruego', 'Portero', 'Sevilla FC', '0', '0', '3800000', '109'),
	('10240', 'Alberto Flores', 'Español', 'Portero', 'Sevilla FC', '0', '0', '299400', '115'),
	('10241', 'Matias arbol', 'Español', 'Portero', 'Sevilla FC', '0', '0', '657000', '104'),
	('10242', 'Rafa Romero', 'Español', 'Portero', 'Sevilla FC', '0', '0', '674000', null),
	('10243', 'Adrià Pedrosa', 'Español', 'Defensa', 'Sevilla FC', '17', '7', '2980000', '105'),
	('10244', 'Gonzalo Montiel', 'Argentino', 'Defensa', 'Sevilla FC', '21', '17', '518000', null),
	('10245', 'Jesus Navas', 'Español', 'Defensa', 'Sevilla FC', '27', '19', '65000000', '101'),
	('10246', 'Jose angel Carmona', 'Español', 'Defensa', 'Sevilla FC', '10', '11', '840000', '111'),
	('10247', 'Kike Salas', 'Español', 'Defensa', 'Sevilla FC', '8', '16', '956000', '115'),
	('10248', 'Loïc Bade', 'Frances', 'Defensa', 'Sevilla FC', '15', '2', '3200000', '103'),
	('10249', 'Marcão', 'Brasileño', 'Defensa', 'Sevilla FC', '0', '2', '6470000', '107'),
	('10250', 'Tanguy Nianzou', 'Frances', 'Defensa', 'Sevilla FC', '27', '18', '41200000', '103'),
	('10251', 'Lucas Ocampos', 'Argentino', 'Centrocampista', 'Sevilla FC', '16', '2', '89200000', '117'),
	('10252', 'Ivan Rakitić', 'Croata', 'Centrocampista', 'Sevilla FC', '16', '16', '31700000', '117'),
	('10253', 'Oliver Torres', 'Español', 'Centrocampista', 'Sevilla FC', '26', '12', '85400000', '106'),
	('10254', 'Fernando', 'Brasileño', 'Centrocampista', 'Sevilla FC', '11', '16', '37000000', null),
	('10255', 'Gudelj', 'Serbio', 'Centrocampista', 'Sevilla FC', '2', '9', '94600000', '111'),
	('10256', 'Suso', 'Español', 'Centrocampista', 'Sevilla FC', '27', '5', '28700000', null),
	('10257', 'Erik Lamela', 'Argentino', 'Centrocampista', 'Sevilla FC', '7', '10', '19200000', '105'),
	('10258', 'Saul Ñiguez', 'Español', 'Centrocampista', 'Sevilla FC', '27', '8', '58400000', '115'),
	('10259', 'Sander Berge', 'Noruego', 'Centrocampista', 'Sevilla FC', '19', '14', '40100000', '109'),
	('10260', 'Dodi Lukebakio', 'Belga', 'Delantero', 'Sevilla FC', '19', '8', '2700000', null),
	('10261', 'Kelechi Iheanacho', 'Nigeriano', 'Delantero', 'Sevilla FC', '18', '7', '25200000', '102'),
	('10262', 'Youssef En-Nesyri', 'Marroqui', 'Delantero', 'Sevilla FC', '8', '11', '38300000', null),
	('10263', 'Mariano Diaz', 'Dominicano', 'Delantero', 'Sevilla FC', '16', '7', '63400000', '117'),
	('10264', 'Isaac Romero', 'Español', 'Delantero', 'Sevilla FC', '3', '14', '29100000', null),
	('10265', 'Ivan Villar', 'Español', 'Portero', 'RC Celta de Vigo', '0', '0', '7990000', '103'),
	('10266', 'Vicente Guaita', 'Español', 'Portero', 'RC Celta de Vigo', '0', '0', '740000', null),
	('10267', 'Marc Vidal', 'Español', 'Portero', 'RC Celta de Vigo', '0', '0', '270000', '111'),
	('10268', 'Cesar Fernandez', 'Español', 'Portero', 'RC Celta de Vigo', '0', '0', '876000', '115'),
	('10269', 'Coke Carrillo', 'Español', 'Portero', 'RC Celta de Vigo', '0', '0', '200000', '115'),
	('10270', 'Carl Starfelt', 'Sueco', 'Defensa', 'RC Celta de Vigo', '1', '0', '8810000', '104'),
	('10271', 'oscar Mingueza', 'Español', 'Defensa', 'RC Celta de Vigo', '23', '10', '31000000', null),
	('10272', 'Sergio Carreira', 'Español', 'Defensa', 'RC Celta de Vigo', '8', '20', '17000000', '111'),
	('10273', 'Javier Manquillo', 'Español', 'Defensa', 'RC Celta de Vigo', '8', '20', '6210000', '115'),
	('10274', 'Marcos Alonso', 'Español', 'Defensa', 'RC Celta de Vigo', '28', '4', '17400000', '120'),
	('10275', 'Carlos Dominguez', 'Español', 'Defensa', 'RC Celta de Vigo', '11', '16', '6410000', '120'),
	('10276', 'Javi Rodriguez', 'Español', 'Defensa', 'RC Celta de Vigo', '18', '17', '5390000', '106'),
	('10277', 'Joseph Aidoo', 'Ghanes', 'Defensa', 'RC Celta de Vigo', '12', '9', '20100000', '115'),
	('10278', 'Hugo alvarez', 'Español', 'Centrocampista', 'RC Celta de Vigo', '1', '4', '4560000', '115'),
	('10279', 'Fran Beltran', 'Español', 'Centrocampista', 'RC Celta de Vigo', '15', '14', '29100000', '102'),
	('10280', 'Carlos Dotor', 'Español', 'Centrocampista', 'RC Celta de Vigo', '10', '16', '5600000', '114'),
	('10281', 'Miguel Rodriguez', 'Español', 'Centrocampista', 'RC Celta de Vigo', '14', '11', '8160000', '107'),
	('10282', 'Iago Aspas', 'Español', 'Delantero', 'RC Celta de Vigo', '4', '10', '6900000', '115'),
	('10283', 'Borja Iglesias', 'Español', 'Delantero', 'RC Celta de Vigo', '7', '16', '29100000', null),
	('10284', 'Tasos Douvikas', 'Griego', 'Delantero', 'RC Celta de Vigo', '20', '9', '65300000', '102'),
	('10285', 'Franco Cervi', 'Argentino', 'Delantero', 'RC Celta de Vigo', '23', '9', '70100000', null),
	('10286', 'Jørgen Strand Larsen', 'Noruego', 'Delantero', 'RC Celta de Vigo', '11', '20', '34600000', '114'),
	('10287', 'Dani Cardenas', 'Español', 'Portero', 'Rayo Vallecano', '0', '0', '5200000', '107'),
	('10288', 'Augusto Batalla', 'Argentino', 'Portero', 'Rayo Vallecano', '0', '0', '1600000', '104'),
	('10289', 'Abdul Mumin', 'Ghanes', 'Defensa', 'Rayo Vallecano', '6', '3', '16700000', null),
	('10290', 'Florian Lejeune', 'Frances', 'Defensa', 'Rayo Vallecano', '14', '16', '16500000', '109'),
	('10291', 'Aridane Hernandez', 'Español', 'Defensa', 'Rayo Vallecano', '12', '7', '24800000', '106'),
	('10292', 'Andrei Rațiu', 'Rumano', 'Defensa', 'Rayo Vallecano', '11', '17', '45100000', null),
	('10293', 'Alfonso Espino', 'Uruguayo', 'Defensa', 'Rayo Vallecano', '10', '5', '29800000', '120'),
	('10294', 'Ivan Balliu', 'Albanes', 'Defensa', 'Rayo Vallecano', '4', '0', '9700000', '103'),
	('10295', 'Pep Chavarria', 'Español', 'Defensa', 'Rayo Vallecano', '24', '20', '8200000', '114'),
	('10296', 'Oscar Valentin', 'Español', 'Centrocampista', 'Rayo Vallecano', '16', '12', '64400000', null),
	('10297', 'Unai Lopez', 'Español', 'Centrocampista', 'Rayo Vallecano', '9', '9', '38500000', null),
	('10298', 'James Rodriguez', 'Colombiano', 'Centrocampista', 'Rayo Vallecano', '6', '15', '9380000', '102'),
	('10299', 'Isi Palazon', 'Español', 'Centrocampista', 'Rayo Vallecano', '23', '17', '9300000', null),
	('10300', 'Alvaro Garcia', 'Español', 'Centrocampista', 'Rayo Vallecano', '11', '10', '43000000', '107'),
	('10301', 'Jose angel Pozo', 'Español', 'Centrocampista', 'Rayo Vallecano', '22', '13', '61100000', '111'),
	('10302', 'Salvi Sanchez', 'Español', 'Centrocampista', 'Rayo Vallecano', '12', '18', '84900000', '112'),
	('10303', 'Randy Nteka', 'Frances', 'Centrocampista', 'Rayo Vallecano', '30', '11', '2900000', null),
	('10304', 'Sergio Camello', 'Español', 'Delantero', 'Rayo Vallecano', '15', '16', '732000', '111'),
	('10305', 'Raul de Tomas', 'Español', 'Delantero', 'Rayo Vallecano', '17', '20', '4300000', '114'),
	('10306', 'Radamel Falcao', 'Colombiano', 'Delantero', 'Rayo Vallecano', '4', '10', '67800000', '118'),
	('10307', 'Jasper Cillessen', 'Neerlandes', 'Portero', 'UD Las Palmas', '0', '0', '11600000', '116'),
	('10308', 'Dinko Horkaš', 'Croata', 'Portero', 'UD Las Palmas', '0', '0', '685000', null),
	('10309', 'Alvaro Valles', 'Español', 'Portero', 'UD Las Palmas', '0', '0', '1700000', '111'),
	('10310', 'Alex Suarez', 'Español', 'Defensa', 'UD Las Palmas', '25', '6', '5600000', null),
	('10311', 'Daley Sinkgraven', 'Neerlandes', 'Defensa', 'UD Las Palmas', '12', '16', '8410000', '110'),
	('10312', 'Mika Marmol', 'Español', 'Defensa', 'UD Las Palmas', '27', '18', '6700000', null),
	('10313', 'alex Muñoz', 'Español', 'Defensa', 'UD Las Palmas', '3', '12', '48100000', '114'),
	('10314', 'Viti Rozada', 'Español', 'Defensa', 'UD Las Palmas', '15', '3', '22400000', '109'),
	('10315', 'Scott McKenna', 'Escoces', 'Defensa', 'UD Las Palmas', '0', '17', '9990000', '104'),
	('10316', 'Marvin Park', 'Español', 'Centrocampista', 'UD Las Palmas', '5', '4', '918000', '114'),
	('10317', 'Kirian Rodriguez', 'Español', 'Centrocampista', 'UD Las Palmas', '26', '8', '56900000', '107'),
	('10318', 'Javi Muñoz', 'Español', 'Centrocampista', 'UD Las Palmas', '23', '6', '48000000', null),
	('10319', 'Alberto Moleiro', 'Español', 'Centrocampista', 'UD Las Palmas', '21', '16', '3610000', '119'),
	('10320', 'Sandro Ramirez', 'Español', 'Centrocampista', 'UD Las Palmas', '13', '20', '4200000', '102'),
	('10321', 'Dario Essugo', 'Portugues', 'Centrocampista', 'UD Las Palmas', '10', '1', '13200000', null),
	('10322', 'Pau Ferrer', 'Español', 'Delantero', 'UD Las Palmas', '7', '8', '10100000', '107'),
	('10323', 'Sory Kaba', 'Guineano', 'Delantero', 'UD Las Palmas', '8', '17', '5000000', '120'),
	('10324', 'Jonathan Viera', 'Español', 'Delantero', 'UD Las Palmas', '4', '3', '24900000', '106'),
	('10325', 'Fabio Silva', 'Brasileño', 'Delantero', 'UD Las Palmas', '6', '18', '15330000', '119'),
	('10326', 'Juan Soriano', 'Español', 'Portero', 'CD Leganes', '0', '0', '13200000', null),
	('10327', 'Marko Dmitrović', 'Serbio', 'Portero', 'CD Leganes', '0', '0', '8900000', null),
	('10328', 'Alvin Abajas', 'Español', 'Portero', 'CD Leganes', '0', '0', '200000', null),
	('10329', 'Jackson Porozo', 'Ecuatoriano', 'Defensa', 'CD Leganes', '11', '2', '2300000', '103'),
	('10330', 'Sergio Gonzalez', 'Español', 'Defensa', 'CD Leganes', '25', '15', '56800000', null),
	('10331', 'Matija Nastasić', 'Serbio', 'Defensa', 'CD Leganes', '16', '8', '29800000', null),
	('10332', 'Valentin Rosier', 'Frances', 'Defensa', 'CD Leganes', '10', '6', '66000000', '106'),
	('10333', 'Javi Hernandez', 'Español', 'Defensa', 'CD Leganes', '3', '19', '9740000', null),
	('10334', 'Neyou', 'Camerunes', 'Centrocampista', 'CD Leganes', '21', '16', '780000', '110'),
	('10335', 'Renato Tapia', 'Peruano', 'Centrocampista', 'CD Leganes', '7', '13', '62000000', '109'),
	('10336', 'Darko Brašanac', 'Serbio', 'Centrocampista', 'CD Leganes', '22', '9', '43000000', '117'),
	('10337', 'Roberto Lopez', 'Español', 'Centrocampista', 'CD Leganes', '7', '14', '34500000', '114'),
	('10338', 'Naim Garcia', 'Español', 'Centrocampista', 'CD Leganes', '6', '17', '9060000', null),
	('10339', 'Miguel de la Fuente', 'Español', 'Delantero', 'CD Leganes', '18', '2', '24200000', '119'),
	('10340', 'Sebastien Haller', 'Marfileño', 'Delantero', 'CD Leganes', '5', '15', '6830000', '114'),
	('10341', 'Munir El Haddadi', 'Marroqui', 'Delantero', 'CD Leganes', '14', '13', '26200000', '101'),
	('10342', 'Diego Garcia', 'Español', 'Delantero', 'CD Leganes', '10', '4', '52800000', null),
	('10343', 'David Soria', 'Español', 'Portero', 'Getafe CF', '0', '0', '6730000', null),
	('10344', 'Jiři Letaček', 'Checo', 'Portero', 'Getafe CF', '0', '0', '730000', '102'),
	('10345', 'Djene Dakonam', 'Togoles', 'Defensa', 'Getafe CF', '12', '16', '26200000', null),
	('10346', 'Omar Alderete', 'Paraguayo', 'Defensa', 'Getafe CF', '12', '13', '9600000', '113'),
	('10347', 'Juan Berrocal', 'Español', 'Defensa', 'Getafe CF', '11', '0', '955000', '104'),
	('10348', 'Diego Rico', 'Español', 'Defensa', 'Getafe CF', '12', '0', '4980000', null),
	('10349', 'Alex Sola', 'Español', 'Defensa', 'Getafe CF', '10', '14', '97800000', '118'),
	('10350', 'Allan Nyom', 'Camerunes', 'Defensa', 'Getafe CF', '18', '4', '91300000', null),
	('10351', 'Domingos Duarte', 'Portugues', 'Defensa', 'Getafe CF', '2', '9', '61900000', '106'),
	('10352', 'Mauro Arambarri', 'Uruguayo', 'Centrocampista', 'Getafe CF', '28', '2', '39600000', '120'),
	('10353', 'Luis Milla', 'Español', 'Centrocampista', 'Getafe CF', '28', '4', '71800000', '114'),
	('10354', 'Carles Perez', 'Español', 'Centrocampista', 'Getafe CF', '7', '10', '10800000', '106'),
	('10355', 'Uche Agbo', 'Nigeriano', 'Centrocampista', 'Getafe CF', '21', '7', '12900000', '120'),
	('10356', 'Jaime Seoane', 'Español', 'Centrocampista', 'Getafe CF', '16', '14', '12800000', '117'),
	('10357', 'Borja Mayoral', 'Español', 'Delantero', 'Getafe CF', '18', '5', '7300000', '119'),
	('10358', 'Enes Ünal', 'Turco', 'Delantero', 'Getafe CF', '1', '20', '63000000', '101'),
	('10359', 'Peter Federico', 'Español', 'Delantero', 'Getafe CF', '27', '3', '9300000', '120'),
	('10360', 'Álvaro Rodríguez', 'Español', 'Delantero', 'Getafe CF', '1', '3', '51200000', '117'),
	('10361', 'Antonio Sivera', 'Español', 'Portero', 'Deportivo Alaves', '0', '0', '3200000', '104'),
	('10362', 'Jesus Owono', 'Guineano', 'Portero', 'Deportivo Alaves', '0', '0', '322000', '110'),
	('10363', 'Adrian Rodriguez', 'Argentino', 'Portero', 'Deportivo Alaves', '0', '0', '529000', '114'),
	('10364', 'Nahuel Tenaglia', 'Argentino', 'Defensa', 'Deportivo Alaves', '21', '13', '1000000', '110'),
	('10365', 'Abdel Abqar', 'Marroqui', 'Defensa', 'Deportivo Alaves', '24', '14', '29800000', '103'),
	('10366', 'Aleksandar Sedlar', 'Serbio', 'Defensa', 'Deportivo Alaves', '27', '4', '22400000', '110'),
	('10367', 'Ruben Duarte', 'Español', 'Defensa', 'Deportivo Alaves', '11', '20', '68700000', '117'),
	('10368', 'Javi Lopez', 'Español', 'Defensa', 'Deportivo Alaves', '12', '16', '38200000', null),
	('10369', 'Antonio Blanco', 'Español', 'Centrocampista', 'Deportivo Alaves', '30', '18', '7200000', null),
	('10370', 'Ander Guevara', 'Español', 'Centrocampista', 'Deportivo Alaves', '7', '18', '5290000', '102'),
	('10371', 'Jon Guridi', 'Español', 'Centrocampista', 'Deportivo Alaves', '17', '2', '17600000', null),
	('10372', 'Carlos Benavidez', 'Uruguayo', 'Centrocampista', 'Deportivo Alaves', '15', '9', '54700000', '106'),
	('10373', 'Joan Jordan', 'Español', 'Centrocampista', 'Deportivo Alaves', '16', '10', '85200000', null),
	('10374', 'Kike Garcia', 'Español', 'Delantero', 'Deportivo Alaves', '23', '13', '9580000', '119'),
	('10375', 'Toni Martinez', 'Español', 'Delantero', 'Deportivo Alaves', '10', '5', '4000000', '109'),
	('10376', 'Carlos Vicente', 'Español', 'Delantero', 'Deportivo Alaves', '26', '4', '16420000', '119'),
	('10377', 'Asier Villalibre', 'Español', 'Delantero', 'Deportivo Alaves', '1', '10', '7010000', '117'),
	('10378', 'Joan Garcia', 'Español', 'Portero', 'RCD Espanyol', '0', '0', '9040000', '110'),
	('10379', 'Fernando Pacheco', 'Español', 'Portero', 'RCD Espanyol', '0', '0', '5440000', '114'),
	('10380', 'Angel Fortuño', 'Español', 'Portero', 'RCD Espanyol', '0', '0', '179000', '114'),
	('10381', 'Sergi Gomez', 'Español', 'Defensa', 'RCD Espanyol', '18', '12', '67200000', '106'),
	('10382', 'Marash Kumbulla', 'Albanes', 'Defensa', 'RCD Espanyol', '9', '6', '14000000', null),
	('10383', 'Fernando Calero', 'Español', 'Defensa', 'RCD Espanyol', '2', '8', '4500000', '117'),
	('10384', 'Leandro Cabrera', 'Uruguayo', 'Defensa', 'RCD Espanyol', '7', '5', '40600000', '119'),
	('10385', 'Alvaro Tejero', 'Español', 'Defensa', 'RCD Espanyol', '7', '6', '20400000', null),
	('10386', 'Brian Olivan', 'Español', 'Defensa', 'RCD Espanyol', '25', '6', '79500000', '110'),
	('10387', 'Carlos Romero', 'Español', 'Defensa', 'RCD Espanyol', '30', '0', '594000', '106'),
	('10388', 'Omar El Hilali', 'Marroqui', 'Defensa', 'RCD Espanyol', '1', '0', '42100000', '117'),
	('10389', 'Alex Kral', 'Checo', 'Centrocampista', 'RCD Espanyol', '1', '6', '79400000', '109'),
	('10390', 'Edu Exposito', 'Español', 'Centrocampista', 'RCD Espanyol', '22', '13', '95900000', '102'),
	('10391', 'Jose Gragera', 'Español', 'Centrocampista', 'RCD Espanyol', '12', '7', '876000', '110'),
	('10392', 'Justin Smith', 'Canadiense', 'Centrocampista', 'RCD Espanyol', '29', '17', '8650000', null),
	('10393', 'Javi Puado', 'Español', 'Delantero', 'RCD Espanyol', '9', '0', '58800000', '101'),
	('10394', 'Martin Braithwaite', 'Danes', 'Delantero', 'RCD Espanyol', '5', '17', '46900000', null),
	('10395', 'Naci Ünüvar', 'Neerlandes', 'Delantero', 'RCD Espanyol', '30', '11', '9000000', null),
	('10396', 'Walid Cheddira', 'Marroqui', 'Delantero', 'RCD Espanyol', '16', '10', '62800000', '119'),
	('10397', 'Andre Ferreira', 'Portugues', 'Portero', 'Real Valladolid', '0', '0', '2500000', '114'),
	('10398', 'Karl Hein', 'Estonio', 'Portero', 'Real Valladolid', '0', '0', '852000', null),
	('10399', 'Alvaro Aceves', 'Español', 'Portero', 'Real Valladolid', '0', '0', '938000', '101'),
	('10400', 'Luis Perez', 'Español', 'Defensa', 'Real Valladolid', '4', '15', '33900000', '109'),
	('10401', 'David Torres', 'Español', 'Defensa', 'Real Valladolid', '26', '10', '82600000', '117'),
	('10402', 'Javi Sanchez', 'Español', 'Defensa', 'Real Valladolid', '11', '4', '56800000', '104'),
	('10403', 'Cenk Özkacar', 'Turco', 'Defensa', 'Real Valladolid', '26', '12', '982000', null),
	('10404', 'Eray Cömert', 'Suizo', 'Defensa', 'Real Valladolid', '15', '3', '1600000', '106'),
	('10405', 'Victor Meseguer', 'Español', 'Centrocampista', 'Real Valladolid', '7', '17', '24400000', null),
	('10406', 'Kike Perez', 'Español', 'Centrocampista', 'Real Valladolid', '4', '17', '27400000', '110'),
	('10407', 'Ivan Sanchez', 'Español', 'Centrocampista', 'Real Valladolid', '30', '2', '7690000', '101'),
	('10408', 'Mario Martin', 'Español', 'Centrocampista', 'Real Valladolid', '14', '1', '256000', '103'),
	('10409', 'Cesar de la Hoz', 'Español', 'Centrocampista', 'Real Valladolid', '2', '15', '34500000', null),
	('10410', 'Selim Amallah', 'Marroqui', 'Centrocampista', 'Real Valladolid', '25', '16', '7730000', '119'),
	('10411', 'Lucas Rosa', 'Brasileño', 'Centrocampista', 'Real Valladolid', '22', '7', '37700000', '113'),
	('10412', 'Marcos Andre', 'Brasileño', 'Delantero', 'Real Valladolid', '14', '1', '80300000', '114'),
	('10413', 'Mamadou Sylla', 'Senagales', 'Delantero', 'Real Valladolid', '15', '15', '16700000', '119'),
	('10414', 'Raul Moro', 'Español', 'Delantero', 'Real Valladolid', '20', '1', '28930000', null),
	('10415', 'Juanmi Latasa', 'Español', 'Delantero', 'Real Valladolid', '7', '17', '8790000', '106'),
	('10416', 'Darwin Machis', 'Venezolano', 'Delantero', 'Real Valladolid', '17', '18', '18800000', '110'),
	('10417', 'Anuar Tuhami', 'Marroqui', 'Delantero', 'Real Valladolid', '21', '16', '43000000', '114'),
	('10418', 'Kenedy', 'Brasileño', 'Delantero', 'Real Valladolid', '18', '12', '99200000', '110'),
	('10419', 'Jaume Domenech', 'Español', 'Portero', 'Valencia CF', '0', '0', '1410000', '104'),
	('10420', 'Giorgi Mamardashvili', 'Georgiano', 'Portero', 'Valencia CF', '0', '0', '27100000', '117'),
	('10421', 'Stole Dimitrievski', 'Macedonio', 'Portero', 'Valencia CF', '0', '0', '1798000', '119'),
	('10422', 'Thierry Correia', 'Portugues', 'Defensa', 'Valencia CF', '23', '17', '96800000', null),
	('10423', 'Jose Gayà', 'Español', 'Defensa', 'Valencia CF', '28', '15', '23100000', '109'),
	('10424', 'Mouctar Diakhaby', 'Guineano', 'Defensa', 'Valencia CF', '1', '5', '4600000', '110'),
	('10425', 'Cristhian Mosquera', 'Español', 'Defensa', 'Valencia CF', '20', '7', '3200000', null),
	('10426', 'Cesar Tarrega', 'Español', 'Defensa', 'Valencia CF', '23', '4', '21300000', '104'),
	('10427', 'Dimitri Foulquier', 'Frances', 'Defensa', 'Valencia CF', '15', '7', '99900000', '117'),
	('10428', 'Jesus Vazquez', 'Español', 'Defensa', 'Valencia CF', '0', '2', '112000', '119'),
	('10429', 'Yarek Gasiorowski', 'Español', 'Defensa', 'Valencia CF', '17', '16', '28400000', '109'),
	('10430', 'Hugo Guillamon', 'Español', 'Centrocampista', 'Valencia CF', '29', '2', '9070000', '110'),
	('10431', 'Javi Guerra', 'Español', 'Centrocampista', 'Valencia CF', '0', '14', '56600000', '109'),
	('10432', 'Andre Almeida', 'Portugues', 'Centrocampista', 'Valencia CF', '2', '17', '27100000', '119'),
	('10433', 'Pepelu', 'Español', 'Centrocampista', 'Valencia CF', '7', '6', '40700000', '117'),
	('10434', 'Diego Lopez', 'Español', 'Centrocampista', 'Valencia CF', '15', '20', '9260000', '104'),
	('10435', 'Fran Perez', 'Español', 'Centrocampista', 'Valencia CF', '16', '11', '74800000', '114'),
	('10436', 'Sergi Canos', 'Español', 'Delantero', 'Valencia CF', '10', '8', '696000', '110'),
	('10437', 'Hugo Duro', 'Español', 'Delantero', 'Valencia CF', '0', '2', '32100000', '113'),
	('10438', 'Rafa Mir', 'Español', 'Delantero', 'Valencia CF', '8', '4', '218000', '103'),
	('10439', 'Dani Gomez', 'Español', 'Delantero', 'Valencia CF', '12', '18', '66300000', '114'),
	('10440', 'Luis Rioja', 'Español', 'Delantero', 'Valencia CF', '27', '0', '48200000', '106'),
	('10441', 'German Valera', 'Español', 'Delantero', 'Valencia CF', '27', '4', '34600000', '110');


INSERT INTO proyectofinalbd_alg.ENTRENADORES (ID_ENTRENADORES,EQUIPO,NACIONALIDAD,NOMBRE,VALOR,ID_PROPIETARIO) VALUES
	 (20001,'Deportivo Alaves','Argentino','Eduardo Coudet',850000,102),
	 (20002,'Athletic Club','Español','Ernesto Valverde',730000,105),
	 (20003,'Atletico de Madrid','Argentino','Diego Pablo Simeone',1000000,104),
	 (20004,'FC Barcelona','Aleman','Hansi Flick',970000,113),
	 (20005,'Cadiz CF','Español','Sergio Gonzalez',410000,103),
	 (20006,'RC Celta de Vigo','Español','Rafa Benitez',680000,101),
	 (20007,'Getafe CF','Español','Jose Bordalas',570000,119),
	 (20008,'Girona FC','Español','Michel Sanchez',490000,112),
	 (20009,'UD Las Palmas','Español','Diego Martinez',320000,116),
	 (20010,'CD Leganes','Español','Borja Jimenez',380000,118),
	 (20011,'RCD Mallorca','Español','Jagoba Arrasate',450000,111),
	 (20012,'Real Betis Balompie','Chileno','Manuel Pellegrini',910000,106),
	 (20013,'Real Madrid CF','Italiano','Carlo Ancelotti',1000000,115),
	 (20014,'Real Sociedad','Español','Imanol Alguacil',610000,110),
	 (20015,'Rayo Vallecano','Español','Francisco Rodriguez',390000,114),
	 (20016,'Sevilla FC','Español','Garcia Pimienta',470000,117),
	 (20017,'CA Osasuna','Español','Vicente Moreno',510000,109),
	 (20018,'Valencia CF','Español','Ruben Baraja',530000,120),
	 (20019,'Real Valladolid CF','Argentino','Diego Cocca',610000,108),
	 (20020,'Villarreal CF','Español','Quique Setien',750000,107);
	

INSERT INTO proyectofinalbd_alg.JORNADAS (NUM_JORNADA,FECHA_INICIO,FECHA_FINAL) VALUES
	 (1,'2024-08-16','2024-08-18'),
	 (2,'2024-08-23','2024-08-25'),
	 (3,'2024-08-30','2024-09-01'),
	 (4,'2024-09-06','2024-09-08'),
	 (5,'2024-09-13','2024-09-15'),
	 (6,'2024-09-20','2024-09-22'),
	 (7,'2024-09-27','2024-09-29'),
	 (8,'2024-10-04','2024-10-06'),
	 (9,'2024-10-11','2024-10-13'),
	 (10,'2024-10-18','2024-10-20'),
	 (11,'2024-10-25','2024-10-27'),
	 (12,'2024-11-01','2024-11-03'),
	 (13,'2024-11-08','2024-11-10'),
	 (14,'2024-11-15','2024-11-17'),
	 (15,'2024-11-22','2024-11-24'),
	 (16,'2024-11-29','2024-12-01'),
	 (17,'2024-12-06','2024-12-08'),
	 (18,'2024-12-13','2024-12-15'),
	 (19,'2024-12-20','2024-12-22'),
	 (20,'2024-12-27','2024-12-29'),
	 (21,'2025-01-03','2025-01-05'),
	 (22,'2025-01-10','2025-01-12'),
	 (23,'2025-01-17','2025-01-19'),
	 (24,'2025-01-24','2025-01-26'),
	 (25,'2025-01-31','2025-02-02'),
	 (26,'2025-02-07','2025-02-09'),
	 (27,'2025-02-14','2025-02-16'),
	 (28,'2025-02-21','2025-02-23'),
	 (29,'2025-02-28','2025-03-02'),
	 (30,'2025-03-07','2025-03-09'),
	 (31,'2025-03-14','2025-03-16'),
	 (32,'2025-03-21','2025-03-23'),
	 (33,'2025-03-28','2025-03-30'),
	 (34,'2025-04-04','2025-04-06'),
	 (35,'2025-04-11','2025-04-13'),
	 (36,'2025-04-18','2025-04-20'),
	 (37,'2025-04-25','2025-04-27'),
	 (38,'2025-05-02','2025-05-04'),
	 (39,'2025-05-09','2025-05-11'),
	 (40,'2025-05-16','2025-05-18');
	


INSERT INTO proyectofinalbd_alg.CLASIFICACION_ENT (ID_ENTRENADORES,NUM_JORNADA,PUNTOS) VALUES
	 (20001,1,0),
	 (20001,2,0),
	 (20001,3,5),
	 (20002,1,0),
	 (20002,2,5),
	 (20002,3,5),
	 (20003,1,0),
	 (20003,2,0),
	 (20003,3,0),
	 (20004,1,0),
	 (20004,2,0),
	 (20004,3,2),
	 (20005,1,0),
	 (20005,2,5),
	 (20005,3,2),
	 (20006,1,5),
	 (20006,2,5),
	 (20006,3,5),
	 (20007,1,5),
	 (20007,2,5),
	 (20007,3,0),
	 (20008,1,5),
	 (20008,2,0),
	 (20008,3,0),
	 (20009,1,5),
	 (20009,2,5),
	 (20009,3,5),
	 (20010,1,5),
	 (20010,2,5),
	 (20010,3,5),
	 (20011,1,2),
	 (20011,2,2),
	 (20011,3,2),
	 (20012,1,2),
	 (20012,2,2),
	 (20012,3,0),
	 (20013,1,2),
	 (20013,2,2),
	 (20013,3,2),
	 (20014,1,2),
	 (20014,2,5),
	 (20014,3,0),
	 (20015,1,2),
	 (20015,2,2),
	 (20015,3,2),
	 (20016,1,0),
	 (20016,2,0),
	 (20016,3,2),
	 (20017,1,0),
	 (20017,2,0),
	 (20017,3,5),
	 (20018,1,5),
	 (20018,2,0),
	 (20018,3,2),
	 (20019,1,5),
	 (20019,2,5),
	 (20019,3,2),
	 (20020,1,2),
	 (20020,2,0),
	 (20020,3,0),
	 (20001, 4, 2),
	 (20001, 5, 5),
	 (20001, 6, 2),
	 (20001, 7, 0),
	 (20002, 4, 5),
	 (20002, 5, 2),
	 (20002, 6, 0),
	 (20002, 7, 5),
	 (20003, 4, 0),
	 (20003, 5, 2),
	 (20003, 6, 5),
	 (20003, 7, 0),
	 (20004, 4, 2),
	 (20004, 5, 0),
	 (20004, 6, 5),
	 (20004, 7, 5),
	 (20005, 4, 5),
	 (20005, 5, 2),
	 (20005, 6, 5),
	 (20005, 7, 0),
	 (20006, 4, 5),
	 (20006, 5, 5),
	 (20006, 6, 0),
	 (20006, 7, 2),
	 (20007, 4, 0),
	 (20007, 5, 2),
	 (20007, 6, 0),
	 (20007, 7, 5),
	 (20008, 4, 2),
	 (20008, 5, 5),
	 (20008, 6, 0),
	 (20008, 7, 2),
	 (20009, 4, 5),
	 (20009, 5, 5),
	 (20009, 6, 2),
	 (20009, 7, 5),
	 (20010, 4, 0),
	 (20010, 5, 5),
	 (20010, 6, 5),
	 (20010, 7, 0),
	 (20011, 4, 2),
	 (20011, 5, 2),
	 (20011, 6, 5),
	 (20011, 7, 0),
	 (20012, 4, 0),
	 (20012, 5, 2),
	 (20012, 6, 2),
	 (20012, 7, 5),
	 (20013, 4, 2),
	 (20013, 5, 0),
	 (20013, 6, 5),
	 (20013, 7, 2),
	 (20014, 4, 0),
	 (20014, 5, 2),
	 (20014, 6, 0),
	 (20014, 7, 5),
	 (20015, 4, 5),
	 (20015, 5, 5),
	 (20015, 6, 2),
	 (20015, 7, 0),
	 (20016, 4, 2),
	 (20016, 5, 0),
	 (20016, 6, 5),
	 (20016, 7, 2),
	 (20017, 4, 5),
	 (20017, 5, 0),
	 (20017, 6, 2),
	 (20017, 7, 0),
	 (20018, 4, 0),
	 (20018, 5, 5),
	 (20018, 6, 2),
	 (20018, 7, 0),
	 (20019, 4, 2),
	 (20019, 5, 2),
	 (20019, 6, 5),
	 (20019, 7, 5),
	 (20020, 4, 5),
	 (20020, 5, 0),
	 (20020, 6, 2),
	 (20020, 7, 2);

	 
insert proyectofinalbd_alg.CLASIFICACION_JUG(ID_JUGADORES,NUM_JORNADA,PUNTOS)VALUES
	(10001,1,4),
	(10001,2,0),
	(10001,3,0),
	(10002,1,20),
	(10002,2,12),
	(10002,3,2),
	(10003,1,6),
	(10003,2,5),
	(10003,3,8),
	(10004,1,10),
	(10004,2,6),
	(10004,3,23),
	(10005,1,13),
	(10005,2,-2),
	(10005,3,7),
	(10006,1,3),
	(10006,2,6),
	(10006,3,8),
	(10007,1,12),
	(10007,2,7),
	(10007,3,5),
	(10008,1,4),
	(10008,2,0),
	(10008,3,5),
	(10009,1,9),
	(10009,2,14),
	(10009,3,15),
	(10010,1,16),
	(10010,2,5),
	(10010,3,1),
	(10011,1,5),
	(10011,2,16),
	(10011,3,7),
	(10012,1,2),
	(10012,2,7),
	(10012,3,2),
	(10013,1,15),
	(10013,2,6),
	(10013,3,2),
	(10014,1,5),
	(10014,2,10),
	(10014,3,3),
	(10015,1,0),
	(10015,2,5),
	(10015,3,13),
	(10016,1,8),
	(10016,2,6),
	(10016,3,14),
	(10017,1,0),
	(10017,2,13),
	(10017,3,6),
	(10018,1,4),
	(10018,2,3),
	(10018,3,15),
	(10019,1,13),
	(10019,2,0),
	(10019,3,1),
	(10020,1,11),
	(10020,2,13),
	(10020,3,7),
	(10021,1,6),
	(10021,2,2),
	(10021,3,6),
	(10022,1,17),
	(10022,2,8),
	(10022,3,0),
	(10023,1,4),
	(10023,2,7),
	(10023,3,17),
	(10024,1,8),
	(10024,2,-1),
	(10024,3,3),
	(10025,1,13),
	(10025,2,16),
	(10025,3,0),
	(10026,1,15),
	(10026,2,1),
	(10026,3,6),
	(10027,1,7),
	(10027,2,0),
	(10027,3,0),
	(10028,1,18),
	(10028,2,5),
	(10028,3,3),
	(10029,1,7),
	(10029,2,-2),
	(10029,3,-1),
	(10030,1,6),
	(10030,2,1),
	(10030,3,1),
	(10031,1,-2),
	(10031,2,18),
	(10031,3,0),
	(10032,1,11),
	(10032,2,1),
	(10032,3,21),
	(10033,1,5),
	(10033,2,0),
	(10033,3,10),
	(10034,1,19),
	(10034,2,-1),
	(10034,3,0),
	(10035,1,7),
	(10035,2,14),
	(10035,3,8),
	(10036,1,0),
	(10036,2,0),
	(10036,3,15),
	(10037,1,8),
	(10037,2,-2),
	(10037,3,21),
	(10038,1,5),
	(10038,2,16),
	(10038,3,1),
	(10039,1,19),
	(10039,2,0),
	(10039,3,10),
	(10040,1,8),
	(10040,2,0),
	(10040,3,0),
	(10041,1,15),
	(10041,2,7),
	(10041,3,13),
	(10042,1,6),
	(10042,2,12),
	(10042,3,5),
	(10043,1,15),
	(10043,2,2),
	(10043,3,0),
	(10044,1,2),
	(10044,2,8),
	(10044,3,1),
	(10045,1,1),
	(10045,2,1),
	(10045,3,2),
	(10046,1,0),
	(10046,2,18),
	(10046,3,14),
	(10047,1,4),
	(10047,2,5),
	(10047,3,2),
	(10048,1,3),
	(10048,2,19),
	(10048,3,21),
	(10049,1,6),
	(10049,2,6),
	(10049,3,8),
	(10050,1,14),
	(10050,2,2),
	(10050,3,17),
	(10051,1,0),
	(10051,2,6),
	(10051,3,2),
	(10052,1,8),
	(10052,2,11),
	(10052,3,4),
	(10053,1,18),
	(10053,2,8),
	(10053,3,1),
	(10054,1,7),
	(10054,2,10),
	(10054,3,11),
	(10055,1,19),
	(10055,2,1),
	(10055,3,0),
	(10056,1,0),
	(10056,2,9),
	(10056,3,16),
	(10057,1,11),
	(10057,2,17),
	(10057,3,12),
	(10058,1,5),
	(10058,2,10),
	(10058,3,5),
	(10059,1,19),
	(10059,2,7),
	(10059,3,11),
	(10060,1,2),
	(10060,2,0),
	(10060,3,3),
	(10061,1,8),
	(10061,2,9),
	(10061,3,17),
	(10062,1,5),
	(10062,2,7),
	(10062,3,4),
	(10063,1,-1),
	(10063,2,10),
	(10063,3,15),
	(10064,1,15),
	(10064,2,3),
	(10064,3,0),
	(10065,1,12),
	(10065,2,11),
	(10065,3,11),
	(10066,1,-2),
	(10066,2,-1),
	(10066,3,1),
	(10067,1,1),
	(10067,2,6),
	(10067,3,9),
	(10068,1,20),
	(10068,2,12),
	(10068,3,6),
	(10069,1,1),
	(10069,2,-1),
	(10069,3,6),
	(10070,1,11),
	(10070,2,-1),
	(10070,3,14),
	(10071,1,3),
	(10071,2,2),
	(10071,3,10),
	(10072,1,10),
	(10072,2,1),
	(10072,3,5),
	(10073,1,3),
	(10073,2,4),
	(10073,3,9),
	(10074,1,19),
	(10074,2,0),
	(10074,3,15),
	(10075,1,7),
	(10075,2,8),
	(10075,3,4),
	(10076,1,14),
	(10076,2,5),
	(10076,3,2),
	(10077,1,0),
	(10077,2,11),
	(10077,3,0),
	(10078,1,7),
	(10078,2,2),
	(10078,3,12),
	(10079,1,19),
	(10079,2,-2),
	(10079,3,14),
	(10080,1,11),
	(10080,2,2),
	(10080,3,25),
	(10081,1,15),
	(10081,2,15),
	(10081,3,22),
	(10082,1,2),
	(10082,2,9),
	(10082,3,20),
	(10083,1,20),
	(10083,2,17),
	(10083,3,0),
	(10084,1,1),
	(10084,2,4),
	(10084,3,1),
	(10085,1,8),
	(10085,2,13),
	(10085,3,11),
	(10086,1,15),
	(10086,2,5),
	(10086,3,0),
	(10087,1,6),
	(10087,2,6),
	(10087,3,9),
	(10088,1,4),
	(10088,2,15),
	(10088,3,9),
	(10089,1,4),
	(10089,2,-1),
	(10089,3,1),
	(10090,1,5),
	(10090,2,4),
	(10090,3,5),
	(10091,1,8),
	(10091,2,21),
	(10091,3,11),
	(10092,1,0),
	(10092,2,6),
	(10092,3,7),
	(10093,1,5),
	(10093,2,5),
	(10093,3,0),
	(10094,1,0),
	(10094,2,12),
	(10094,3,2),
	(10095,1,19),
	(10095,2,1),
	(10095,3,6),
	(10096,1,7),
	(10096,2,23),
	(10096,3,10),
	(10097,1,21),
	(10097,2,-1),
	(10097,3,1),
	(10098,1,18),
	(10098,2,6),
	(10098,3,7),
	(10099,1,21),
	(10099,2,0),
	(10099,3,2),
	(10100,1,17),
	(10100,2,8),
	(10100,3,1),
	(10101,1,8),
	(10101,2,-2),
	(10101,3,2),
	(10102,1,21),
	(10102,2,4),
	(10102,3,6),
	(10103,1,1),
	(10103,2,17),
	(10103,3,16),
	(10104,1,21),
	(10104,2,6),
	(10104,3,11),
	(10105,1,5),
	(10105,2,4),
	(10105,3,9),
	(10106,1,23),
	(10106,2,15),
	(10106,3,12),
	(10107,1,4),
	(10107,2,5),
	(10107,3,0),
	(10108,1,7),
	(10108,2,15),
	(10108,3,0),
	(10109,1,16),
	(10109,2,14),
	(10109,3,3),
	(10110,1,1),
	(10110,2,0),
	(10110,3,11),
	(10111,1,20),
	(10111,2,-1),
	(10111,3,23),
	(10112,1,0),
	(10112,2,4),
	(10112,3,17),
	(10113,1,17),
	(10113,2,8),
	(10113,3,0),
	(10114,1,16),
	(10114,2,4),
	(10114,3,25),
	(10115,1,5),
	(10115,2,-2),
	(10115,3,10),
	(10116,1,4),
	(10116,2,4),
	(10116,3,15),
	(10117,1,7),
	(10117,2,5),
	(10117,3,10),
	(10118,1,5),
	(10118,2,13),
	(10118,3,15),
	(10119,1,14),
	(10119,2,7),
	(10119,3,0),
	(10120,1,0),
	(10120,2,0),
	(10120,3,12),
	(10121,1,25),
	(10121,2,-2),
	(10121,3,0),
	(10122,1,0),
	(10122,2,4),
	(10122,3,12),
	(10123,1,12),
	(10123,2,14),
	(10123,3,16),
	(10124,1,7),
	(10124,2,19),
	(10124,3,6),
	(10125,1,7),
	(10125,2,0),
	(10125,3,-2),
	(10126,1,0),
	(10126,2,16),
	(10126,3,13),
	(10127,1,14),
	(10127,2,6),
	(10127,3,2),
	(10128,1,2),
	(10128,2,12),
	(10128,3,20),
	(10129,1,8),
	(10129,2,4),
	(10129,3,18),
	(10130,1,8),
	(10130,2,3),
	(10130,3,-2),
	(10131,1,7),
	(10131,2,14),
	(10131,3,0),
	(10132,1,6),
	(10132,2,17),
	(10132,3,12),
	(10133,1,3),
	(10133,2,8),
	(10133,3,12),
	(10134,1,10),
	(10134,2,7),
	(10134,3,22),
	(10135,1,10),
	(10135,2,21),
	(10135,3,4),
	(10136,1,6),
	(10136,2,-1),
	(10136,3,0),
	(10137,1,11),
	(10137,2,21),
	(10137,3,15),
	(10138,1,17),
	(10138,2,-1),
	(10138,3,6),
	(10139,1,5),
	(10139,2,17),
	(10139,3,0),
	(10140,1,14),
	(10140,2,19),
	(10140,3,9),
	(10141,1,1),
	(10141,2,0),
	(10141,3,0),
	(10142,1,13),
	(10142,2,15),
	(10142,3,14),
	(10143,1,22),
	(10143,2,17),
	(10143,3,3),
	(10144,1,8),
	(10144,2,0),
	(10144,3,4),
	(10145,1,22),
	(10145,2,11),
	(10145,3,7),
	(10146,1,1),
	(10146,2,10),
	(10146,3,5),
	(10147,1,23),
	(10147,2,0),
	(10147,3,14),
	(10148,1,5),
	(10148,2,-2),
	(10148,3,2),
	(10149,1,8),
	(10149,2,4),
	(10149,3,10),
	(10150,1,17),
	(10150,2,6),
	(10150,3,9),
	(10151,1,17),
	(10151,2,12),
	(10151,3,14),
	(10152,1,0),
	(10152,2,11),
	(10152,3,11),
	(10153,1,10),
	(10153,2,0),
	(10153,3,11),
	(10154,1,9),
	(10154,2,16),
	(10154,3,23),
	(10155,1,13),
	(10155,2,15),
	(10155,3,5),
	(10156,1,5),
	(10156,2,7),
	(10156,3,2),
	(10157,1,16),
	(10157,2,-1),
	(10157,3,3),
	(10158,1,16),
	(10158,2,16),
	(10158,3,0),
	(10159,1,17),
	(10159,2,9),
	(10159,3,15),
	(10160,1,21),
	(10160,2,11),
	(10160,3,20),
	(10161,1,11),
	(10161,2,8),
	(10161,3,24),
	(10162,1,16),
	(10162,2,7),
	(10162,3,8),
	(10163,1,6),
	(10163,2,11),
	(10163,3,6),
	(10164,1,17),
	(10164,2,13),
	(10164,3,16),
	(10165,1,14),
	(10165,2,1),
	(10165,3,13),
	(10166,1,2),
	(10166,2,2),
	(10166,3,6),
	(10167,1,10),
	(10167,2,11),
	(10167,3,13),
	(10168,1,13),
	(10168,2,0),
	(10168,3,15),
	(10169,1,13),
	(10169,2,14),
	(10169,3,8),
	(10170,1,12),
	(10170,2,9),
	(10170,3,5),
	(10171,1,4),
	(10171,2,11),
	(10171,3,-1),
	(10172,1,5),
	(10172,2,13),
	(10172,3,13),
	(10173,1,6),
	(10173,2,1),
	(10173,3,3),
	(10174,1,8),
	(10174,2,3),
	(10174,3,17),
	(10175,1,0),
	(10175,2,3),
	(10175,3,3),
	(10176,1,15),
	(10176,2,2),
	(10176,3,4),
	(10177,1,17),
	(10177,2,5),
	(10177,3,10),
	(10178,1,7),
	(10178,2,0),
	(10178,3,2),
	(10179,1,7),
	(10179,2,4),
	(10179,3,5),
	(10180,1,2),
	(10180,2,-1),
	(10180,3,3),
	(10181,1,0),
	(10181,2,11),
	(10181,3,6),
	(10182,1,7),
	(10182,2,15),
	(10182,3,5),
	(10183,1,17),
	(10183,2,11),
	(10183,3,6),
	(10184,1,17),
	(10184,2,8),
	(10184,3,17),
	(10185,1,17),
	(10185,2,18),
	(10185,3,1),
	(10186,1,2),
	(10186,2,21),
	(10186,3,7),
	(10187,1,9),
	(10187,2,0),
	(10187,3,11),
	(10188,1,9),
	(10188,2,15),
	(10188,3,14),
	(10189,1,22),
	(10189,2,10),
	(10189,3,10),
	(10190,1,12),
	(10190,2,8),
	(10190,3,9),
	(10191,1,6),
	(10191,2,1),
	(10191,3,9),
	(10192,1,1),
	(10192,2,0),
	(10192,3,12),
	(10193,1,7),
	(10193,2,10),
	(10193,3,0),
	(10194,1,0),
	(10194,2,12),
	(10194,3,17),
	(10195,1,12),
	(10195,2,1),
	(10195,3,14),
	(10196,1,7),
	(10196,2,4),
	(10196,3,3),
	(10197,1,22),
	(10197,2,0),
	(10197,3,3),
	(10198,1,3),
	(10198,2,2),
	(10198,3,7),
	(10199,1,2),
	(10199,2,17),
	(10199,3,3),
	(10200,1,16),
	(10200,2,10),
	(10200,3,0),
	(10201,1,5),
	(10201,2,11),
	(10201,3,16),
	(10202,1,20),
	(10202,2,7),
	(10202,3,8),
	(10203,1,24),
	(10203,2,17),
	(10203,3,12),
	(10204,1,8),
	(10204,2,7),
	(10204,3,13),
	(10205,1,5),
	(10205,2,16),
	(10205,3,16),
	(10206,1,11),
	(10206,2,4),
	(10206,3,14),
	(10207,1,0),
	(10207,2,4),
	(10207,3,0),
	(10208,1,3),
	(10208,2,8),
	(10208,3,7),
	(10209,1,8),
	(10209,2,-2),
	(10209,3,12),
	(10210,1,3),
	(10210,2,17),
	(10210,3,9),
	(10211,1,3),
	(10211,2,0),
	(10211,3,7),
	(10212,1,8),
	(10212,2,5),
	(10212,3,23),
	(10213,1,11),
	(10213,2,5),
	(10213,3,9),
	(10214,1,9),
	(10214,2,10),
	(10214,3,0),
	(10215,1,2),
	(10215,2,16),
	(10215,3,12),
	(10216,1,15),
	(10216,2,12),
	(10216,3,8),
	(10217,1,10),
	(10217,2,12),
	(10217,3,5),
	(10218,1,21),
	(10218,2,0),
	(10218,3,8),
	(10219,1,0),
	(10219,2,11),
	(10219,3,-2),
	(10220,1,18),
	(10220,2,14),
	(10220,3,14),
	(10221,1,19),
	(10221,2,12),
	(10221,3,8),
	(10222,1,10),
	(10222,2,0),
	(10222,3,9),
	(10223,1,14),
	(10223,2,16),
	(10223,3,22),
	(10224,1,13),
	(10224,2,13),
	(10224,3,17),
	(10225,1,1),
	(10225,2,7),
	(10225,3,-1),
	(10226,1,15),
	(10226,2,19),
	(10226,3,16),
	(10227,1,5),
	(10227,2,3),
	(10227,3,16),
	(10228,1,4),
	(10228,2,11),
	(10228,3,0),
	(10229,1,9),
	(10229,2,13),
	(10229,3,2),
	(10230,1,18),
	(10230,2,7),
	(10230,3,12),
	(10231,1,0),
	(10231,2,3),
	(10231,3,16),
	(10232,1,8),
	(10232,2,6),
	(10232,3,7),
	(10233,1,18),
	(10233,2,6),
	(10233,3,1),
	(10234,1,8),
	(10234,2,11),
	(10234,3,20),
	(10235,1,19),
	(10235,2,4),
	(10235,3,11),
	(10236,1,14),
	(10236,2,5),
	(10236,3,17),
	(10237,1,0),
	(10237,2,9),
	(10237,3,0),
	(10238,1,10),
	(10238,2,10),
	(10238,3,1),
	(10239,1,16),
	(10239,2,12),
	(10239,3,2),
	(10240,1,11),
	(10240,2,10),
	(10240,3,1),
	(10241,1,16),
	(10241,2,5),
	(10241,3,12),
	(10242,1,2),
	(10242,2,-1),
	(10242,3,0),
	(10243,1,17),
	(10243,2,17),
	(10243,3,12),
	(10244,1,3),
	(10244,2,5),
	(10244,3,22),
	(10245,1,2),
	(10245,2,12),
	(10245,3,5),
	(10246,1,8),
	(10246,2,8),
	(10246,3,14),
	(10247,1,2),
	(10247,2,0),
	(10247,3,0),
	(10248,1,0),
	(10248,2,13),
	(10248,3,3),
	(10249,1,11),
	(10249,2,2),
	(10249,3,9),
	(10250,1,-1),
	(10250,2,1),
	(10250,3,0),
	(10251,1,9),
	(10251,2,12),
	(10251,3,4),
	(10252,1,4),
	(10252,2,13),
	(10252,3,17),
	(10253,1,0),
	(10253,2,12),
	(10253,3,11),
	(10254,1,8),
	(10254,2,14),
	(10254,3,11),
	(10255,1,9),
	(10255,2,7),
	(10255,3,7),
	(10256,1,9),
	(10256,2,1),
	(10256,3,5),
	(10257,1,4),
	(10257,2,9),
	(10257,3,20),
	(10258,1,13),
	(10258,2,9),
	(10258,3,5),
	(10259,1,0),
	(10259,2,18),
	(10259,3,12),
	(10260,1,16),
	(10260,2,7),
	(10260,3,1),
	(10261,1,9),
	(10261,2,0),
	(10261,3,4),
	(10262,1,7),
	(10262,2,0),
	(10262,3,0),
	(10263,1,0),
	(10263,2,1),
	(10263,3,13),
	(10264,1,13),
	(10264,2,12),
	(10264,3,11),
	(10265,1,1),
	(10265,2,10),
	(10265,3,14),
	(10266,1,2),
	(10266,2,14),
	(10266,3,6),
	(10267,1,22),
	(10267,2,1),
	(10267,3,0),
	(10268,1,14),
	(10268,2,16),
	(10268,3,4),
	(10269,1,4),
	(10269,2,2),
	(10269,3,14),
	(10270,1,19),
	(10270,2,5),
	(10270,3,15),
	(10271,1,8),
	(10271,2,4),
	(10271,3,9),
	(10272,1,14),
	(10272,2,19),
	(10272,3,17),
	(10273,1,0),
	(10273,2,0),
	(10273,3,6),
	(10274,1,9),
	(10274,2,13),
	(10274,3,6),
	(10275,1,0),
	(10275,2,-1),
	(10275,3,25),
	(10276,1,16),
	(10276,2,8),
	(10276,3,21),
	(10277,1,-1),
	(10277,2,16),
	(10277,3,9),
	(10278,1,5),
	(10278,2,9),
	(10278,3,7),
	(10279,1,14),
	(10279,2,16),
	(10279,3,8),
	(10280,1,9),
	(10280,2,18),
	(10280,3,12),
	(10281,1,15),
	(10281,2,4),
	(10281,3,4),
	(10282,1,6),
	(10282,2,0),
	(10282,3,7),
	(10283,1,21),
	(10283,2,6),
	(10283,3,0),
	(10284,1,11),
	(10284,2,12),
	(10284,3,0),
	(10285,1,18),
	(10285,2,7),
	(10285,3,-1),
	(10286,1,0),
	(10286,2,14),
	(10286,3,5),
	(10287,1,2),
	(10287,2,0),
	(10287,3,3),
	(10288,1,2),
	(10288,2,14),
	(10288,3,6),
	(10289,1,7),
	(10289,2,0),
	(10289,3,9),
	(10290,1,-1),
	(10290,2,0),
	(10290,3,4),
	(10291,1,0),
	(10291,2,12),
	(10291,3,10),
	(10292,1,2),
	(10292,2,18),
	(10292,3,4),
	(10293,1,12),
	(10293,2,17),
	(10293,3,10),
	(10294,1,0),
	(10294,2,3),
	(10294,3,7),
	(10295,1,0),
	(10295,2,10),
	(10295,3,2),
	(10296,1,3),
	(10296,2,5),
	(10296,3,-1),
	(10297,1,1),
	(10297,2,4),
	(10297,3,2),
	(10298,1,5),
	(10298,2,3),
	(10298,3,18),
	(10299,1,0),
	(10299,2,15),
	(10299,3,24),
	(10300,1,1),
	(10300,2,19),
	(10300,3,0),
	(10301,1,1),
	(10301,2,4),
	(10301,3,0),
	(10302,1,4),
	(10302,2,10),
	(10302,3,11),
	(10303,1,15),
	(10303,2,-2),
	(10303,3,5),
	(10304,1,8),
	(10304,2,15),
	(10304,3,-1),
	(10305,1,5),
	(10305,2,21),
	(10305,3,1),
	(10306,1,-2),
	(10306,2,0),
	(10306,3,9),
	(10307,1,9),
	(10307,2,-2),
	(10307,3,11),
	(10308,1,12),
	(10308,2,3),
	(10308,3,2),
	(10309,1,2),
	(10309,2,15),
	(10309,3,5),
	(10310,1,22),
	(10310,2,6),
	(10310,3,0),
	(10311,1,-1),
	(10311,2,0),
	(10311,3,24),
	(10312,1,3),
	(10312,2,-2),
	(10312,3,15),
	(10313,1,17),
	(10313,2,11),
	(10313,3,9),
	(10314,1,1),
	(10314,2,-1),
	(10314,3,11),
	(10315,1,2),
	(10315,2,7),
	(10315,3,23),
	(10316,1,11),
	(10316,2,10),
	(10316,3,13),
	(10317,1,14),
	(10317,2,0),
	(10317,3,23),
	(10318,1,1),
	(10318,2,5),
	(10318,3,8),
	(10319,1,15),
	(10319,2,12),
	(10319,3,0),
	(10320,1,6),
	(10320,2,10),
	(10320,3,0),
	(10321,1,7),
	(10321,2,8),
	(10321,3,10),
	(10322,1,4),
	(10322,2,10),
	(10322,3,9),
	(10323,1,11),
	(10323,2,-1),
	(10323,3,9),
	(10324,1,3),
	(10324,2,0),
	(10324,3,-1),
	(10325,1,1),
	(10325,2,12),
	(10325,3,6),
	(10326,1,13),
	(10326,2,11),
	(10326,3,10),
	(10327,1,0),
	(10327,2,0),
	(10327,3,2),
	(10328,1,13),
	(10328,2,12),
	(10328,3,0),
	(10329,1,20),
	(10329,2,0),
	(10329,3,3),
	(10330,1,-1),
	(10330,2,14),
	(10330,3,10),
	(10331,1,7),
	(10331,2,3),
	(10331,3,-1),
	(10332,1,14),
	(10332,2,16),
	(10332,3,-1),
	(10333,1,4),
	(10333,2,2),
	(10333,3,9),
	(10334,1,8),
	(10334,2,9),
	(10334,3,14),
	(10335,1,4),
	(10335,2,2),
	(10335,3,20),
	(10336,1,11),
	(10336,2,5),
	(10336,3,10),
	(10337,1,11),
	(10337,2,11),
	(10337,3,11),
	(10338,1,7),
	(10338,2,16),
	(10338,3,18),
	(10339,1,0),
	(10339,2,-1),
	(10339,3,8),
	(10340,1,2),
	(10340,2,1),
	(10340,3,19),
	(10341,1,8),
	(10341,2,1),
	(10341,3,1),
	(10342,1,1),
	(10342,2,8),
	(10342,3,3),
	(10343,1,6),
	(10343,2,8),
	(10343,3,14),
	(10344,1,12),
	(10344,2,5),
	(10344,3,-2),
	(10345,1,4),
	(10345,2,17),
	(10345,3,5),
	(10346,1,6),
	(10346,2,4),
	(10346,3,19),
	(10347,1,14),
	(10347,2,8),
	(10347,3,16),
	(10348,1,8),
	(10348,2,0),
	(10348,3,5),
	(10349,1,1),
	(10349,2,11),
	(10349,3,2),
	(10350,1,0),
	(10350,2,8),
	(10350,3,0),
	(10351,1,11),
	(10351,2,13),
	(10351,3,5),
	(10352,1,12),
	(10352,2,12),
	(10352,3,19),
	(10353,1,0),
	(10353,2,11),
	(10353,3,5),
	(10354,1,14),
	(10354,2,7),
	(10354,3,14),
	(10355,1,5),
	(10355,2,4),
	(10355,3,12),
	(10356,1,8),
	(10356,2,0),
	(10356,3,13),
	(10357,1,8),
	(10357,2,16),
	(10357,3,6),
	(10358,1,4),
	(10358,2,0),
	(10358,3,1),
	(10359,1,5),
	(10359,2,8),
	(10359,3,22),
	(10360,1,13),
	(10360,2,13),
	(10360,3,15),
	(10361,1,1),
	(10361,2,25),
	(10361,3,0),
	(10362,1,0),
	(10362,2,9),
	(10362,3,10),
	(10363,1,-1),
	(10363,2,7),
	(10363,3,21),
	(10364,1,7),
	(10364,2,1),
	(10364,3,13),
	(10365,1,13),
	(10365,2,12),
	(10365,3,5),
	(10366,1,4),
	(10366,2,5),
	(10366,3,7),
	(10367,1,2),
	(10367,2,3),
	(10367,3,15),
	(10368,1,19),
	(10368,2,17),
	(10368,3,19),
	(10369,1,9),
	(10369,2,4),
	(10369,3,7),
	(10370,1,6),
	(10370,2,1),
	(10370,3,0),
	(10371,1,0),
	(10371,2,17),
	(10371,3,2),
	(10372,1,-2),
	(10372,2,3),
	(10372,3,2),
	(10373,1,3),
	(10373,2,3),
	(10373,3,-2),
	(10374,1,5),
	(10374,2,1),
	(10374,3,6),
	(10375,1,1),
	(10375,2,4),
	(10375,3,19),
	(10376,1,-1),
	(10376,2,6),
	(10376,3,-1),
	(10377,1,2),
	(10377,2,6),
	(10377,3,6),
	(10378,1,1),
	(10378,2,11),
	(10378,3,14),
	(10379,1,15),
	(10379,2,12),
	(10379,3,18),
	(10380,1,13),
	(10380,2,9),
	(10380,3,6),
	(10381,1,6),
	(10381,2,0),
	(10381,3,8),
	(10382,1,18),
	(10382,2,5),
	(10382,3,4),
	(10383,1,14),
	(10383,2,3),
	(10383,3,13),
	(10384,1,2),
	(10384,2,0),
	(10384,3,16),
	(10385,1,15),
	(10385,2,16),
	(10385,3,8),
	(10386,1,4),
	(10386,2,21),
	(10386,3,2),
	(10387,1,9),
	(10387,2,0),
	(10387,3,6),
	(10388,1,3),
	(10388,2,22),
	(10388,3,8),
	(10389,1,12),
	(10389,2,16),
	(10389,3,9),
	(10390,1,2),
	(10390,2,11),
	(10390,3,14),
	(10391,1,7),
	(10391,2,13),
	(10391,3,4),
	(10392,1,10),
	(10392,2,1),
	(10392,3,1),
	(10393,1,14),
	(10393,2,14),
	(10393,3,3),
	(10394,1,2),
	(10394,2,6),
	(10394,3,2),
	(10395,1,-2),
	(10395,2,13),
	(10395,3,13),
	(10396,1,3),
	(10396,2,10),
	(10396,3,7),
	(10397,1,4),
	(10397,2,12),
	(10397,3,3),
	(10398,1,9),
	(10398,2,11),
	(10398,3,17),
	(10399,1,13),
	(10399,2,8),
	(10399,3,3),
	(10400,1,6),
	(10400,2,19),
	(10400,3,11),
	(10401,1,7),
	(10401,2,11),
	(10401,3,19),
	(10402,1,10),
	(10402,2,11),
	(10402,3,6),
	(10403,1,4),
	(10403,2,12),
	(10403,3,0),
	(10404,1,5),
	(10404,2,0),
	(10404,3,1),
	(10405,1,14),
	(10405,2,11),
	(10405,3,11),
	(10406,1,12),
	(10406,2,3),
	(10406,3,0),
	(10407,1,-1),
	(10407,2,14),
	(10407,3,9),
	(10408,1,8),
	(10408,2,18),
	(10408,3,19),
	(10409,1,11),
	(10409,2,18),
	(10409,3,17),
	(10410,1,6),
	(10410,2,0),
	(10410,3,0),
	(10411,1,0),
	(10411,2,13),
	(10411,3,1),
	(10412,1,8),
	(10412,2,6),
	(10412,3,2),
	(10413,1,16),
	(10413,2,16),
	(10413,3,7),
	(10414,1,0),
	(10414,2,0),
	(10414,3,16),
	(10415,1,12),
	(10415,2,3),
	(10415,3,9),
	(10416,1,14),
	(10416,2,20),
	(10416,3,21),
	(10417,1,9),
	(10417,2,0),
	(10417,3,2),
	(10418,1,1),
	(10418,2,11),
	(10418,3,17),
	(10419,1,0),
	(10419,2,13),
	(10419,3,12),
	(10420,1,10),
	(10420,2,12),
	(10420,3,4),
	(10421,1,8),
	(10421,2,0),
	(10421,3,-1),
	(10422,1,6),
	(10422,2,7),
	(10422,3,0),
	(10423,1,5),
	(10423,2,5),
	(10423,3,16),
	(10424,1,-1),
	(10424,2,0),
	(10424,3,5),
	(10425,1,6),
	(10425,2,13),
	(10425,3,5),
	(10426,1,7),
	(10426,2,14),
	(10426,3,3),
	(10427,1,4),
	(10427,2,3),
	(10427,3,16),
	(10428,1,6),
	(10428,2,3),
	(10428,3,1),
	(10429,1,10),
	(10429,2,0),
	(10429,3,13),
	(10430,1,9),
	(10430,2,16),
	(10430,3,18),
	(10431,1,2),
	(10431,2,11),
	(10431,3,8),
	(10432,1,1),
	(10432,2,13),
	(10432,3,18),
	(10433,1,8),
	(10433,2,1),
	(10433,3,2),
	(10434,1,10),
	(10434,2,10),
	(10434,3,9),
	(10435,1,0),
	(10435,2,7),
	(10435,3,5),
	(10436,1,5),
	(10436,2,4),
	(10436,3,9),
	(10437,1,0),
	(10437,2,3),
	(10437,3,12),
	(10438,1,4),
	(10438,2,5),
	(10438,3,15),
	(10439,1,11),
	(10439,2,20),
	(10439,3,4),
	(10440,1,0),
	(10440,2,1),
	(10440,3,0),
	(10441,1,14),
	(10441,2,10),
	(10441,3,13),
	('10001', '4', '4'),
	('10002', '17', '4'),
	('10003', '12', '4'),
	('10004', '8', '4'),
	('10005', '5', '4'),
	('10006', '18', '4'),
	('10007', '4', '4'),
	('10008', '16', '4'),
	('10009', '20', '4'),
	('10010', '8', '4'),
	('10011', '8', '4'),
	('10012', '18', '4'),
	('10013', '1', '4'),
	('10014', '5', '4'),
	('10015', '0', '4'),
	('10016', '19', '4'),
	('10017', '18', '4'),
	('10018', '-1', '4'),
	('10019', '9', '4'),
	('10020', '3', '4'),
	('10021', '-1', '4'),
	('10022', '18', '4'),
	('10023', '-2', '4'),
	('10024', '9', '4'),
	('10025', '19', '4'),
	('10026', '9', '4'),
	('10027', '14', '4'),
	('10028', '7', '4'),
	('10029', '13', '4'),
	('10030', '12', '4'),
	('10031', '12', '4'),
	('10032', '16', '4'),
	('10033', '9', '4'),
	('10034', '20', '4'),
	('10035', '17', '4'),
	('10036', '0', '4'),
	('10037', '2', '4'),
	('10038', '16', '4'),
	('10039', '4', '4'),
	('10040', '18', '4'),
	('10041', '6', '4'),
	('10042', '4', '4'),
	('10043', '15', '4'),
	('10044', '1', '4'),
	('10045', '11', '4'),
	('10046', '15', '4'),
	('10047', '6', '4'),
	('10048', '18', '4'),
	('10049', '-1', '4'),
	('10050', '17', '4'),
	('10051', '12', '4'),
	('10052', '4', '4'),
	('10053', '9', '4'),
	('10054', '5', '4'),
	('10055', '12', '4'),
	('10056', '0', '4'),
	('10057', '11', '4'),
	('10058', '14', '4'),
	('10059', '1', '4'),
	('10060', '15', '4'),
	('10061', '5', '4'),
	('10062', '1', '4'),
	('10063', '-1', '4'),
	('10064', '3', '4'),
	('10065', '19', '4'),
	('10066', '7', '4'),
	('10067', '1', '4'),
	('10068', '19', '4'),
	('10069', '15', '4'),
	('10070', '9', '4'),
	('10071', '-1', '4'),
	('10072', '7', '4'),
	('10073', '1', '4'),
	('10074', '11', '4'),
	('10075', '13', '4'),
	('10076', '12', '4'),
	('10077', '5', '4'),
	('10078', '11', '4'),
	('10079', '20', '4'),
	('10080', '5', '4'),
	('10081', '18', '4'),
	('10082', '13', '4'),
	('10083', '10', '4'),
	('10084', '15', '4'),
	('10085', '12', '4'),
	('10086', '18', '4'),
	('10087', '10', '4'),
	('10088', '6', '4'),
	('10089', '12', '4'),
	('10090', '10', '4'),
	('10091', '-2', '4'),
	('10092', '4', '4'),
	('10093', '6', '4'),
	('10094', '-2', '4'),
	('10095', '9', '4'),
	('10096', '5', '4'),
	('10097', '8', '4'),
	('10098', '16', '4'),
	('10099', '14', '4'),
	('10100', '5', '4'),
	('10101', '0', '4'),
	('10102', '0', '4'),
	('10103', '-2', '4'),
	('10104', '2', '4'),
	('10105', '7', '4'),
	('10106', '4', '4'),
	('10107', '6', '4'),
	('10108', '4', '4'),
	('10109', '6', '4'),
	('10110', '5', '4'),
	('10111', '9', '4'),
	('10112', '-1', '4'),
	('10113', '-2', '4'),
	('10114', '13', '4'),
	('10115', '20', '4'),
	('10116', '20', '4'),
	('10117', '2', '4'),
	('10118', '0', '4'),
	('10119', '9', '4'),
	('10120', '5', '4'),
	('10121', '19', '4'),
	('10122', '0', '4'),
	('10123', '-2', '4'),
	('10124', '0', '4'),
	('10125', '2', '4'),
	('10126', '12', '4'),
	('10127', '11', '4'),
	('10128', '0', '4'),
	('10129', '-2', '4'),
	('10130', '2', '4'),
	('10131', '20', '4'),
	('10132', '11', '4'),
	('10133', '4', '4'),
	('10134', '6', '4'),
	('10135', '12', '4'),
	('10136', '12', '4'),
	('10137', '7', '4'),
	('10138', '10', '4'),
	('10139', '16', '4'),
	('10140', '4', '4'),
	('10141', '14', '4'),
	('10142', '17', '4'),
	('10143', '1', '4'),
	('10144', '2', '4'),
	('10145', '20', '4'),
	('10146', '4', '4'),
	('10147', '10', '4'),
	('10148', '12', '4'),
	('10149', '8', '4'),
	('10150', '1', '4'),
	('10151', '10', '4'),
	('10152', '4', '4'),
	('10153', '16', '4'),
	('10154', '19', '4'),
	('10155', '-1', '4'),
	('10156', '7', '4'),
	('10157', '10', '4'),
	('10158', '18', '4'),
	('10159', '3', '4'),
	('10160', '9', '4'),
	('10161', '9', '4'),
	('10162', '17', '4'),
	('10163', '8', '4'),
	('10164', '20', '4'),
	('10165', '4', '4'),
	('10166', '-2', '4'),
	('10167', '-2', '4'),
	('10168', '17', '4'),
	('10169', '10', '4'),
	('10170', '6', '4'),
	('10171', '0', '4'),
	('10172', '4', '4'),
	('10173', '3', '4'),
	('10174', '5', '4'),
	('10175', '6', '4'),
	('10176', '2', '4'),
	('10177', '-2', '4'),
	('10178', '16', '4'),
	('10179', '7', '4'),
	('10180', '9', '4'),
	('10181', '12', '4'),
	('10182', '19', '4'),
	('10183', '6', '4'),
	('10184', '17', '4'),
	('10185', '14', '4'),
	('10186', '14', '4'),
	('10187', '17', '4'),
	('10188', '9', '4'),
	('10189', '4', '4'),
	('10190', '-1', '4'),
	('10191', '0', '4'),
	('10192', '14', '4'),
	('10193', '2', '4'),
	('10194', '14', '4'),
	('10195', '14', '4'),
	('10196', '14', '4'),
	('10197', '-1', '4'),
	('10198', '-1', '4'),
	('10199', '19', '4'),
	('10200', '20', '4'),
	('10201', '2', '4'),
	('10202', '-2', '4'),
	('10203', '-2', '4'),
	('10204', '16', '4'),
	('10205', '-1', '4'),
	('10206', '18', '4'),
	('10207', '9', '4'),
	('10208', '3', '4'),
	('10209', '20', '4'),
	('10210', '1', '4'),
	('10211', '20', '4'),
	('10212', '8', '4'),
	('10213', '14', '4'),
	('10214', '3', '4'),
	('10215', '2', '4'),
	('10216', '17', '4'),
	('10217', '-1', '4'),
	('10218', '3', '4'),
	('10219', '19', '4'),
	('10220', '8', '4'),
	('10221', '13', '4'),
	('10222', '13', '4'),
	('10223', '-2', '4'),
	('10224', '6', '4'),
	('10225', '3', '4'),
	('10226', '13', '4'),
	('10227', '0', '4'),
	('10228', '17', '4'),
	('10229', '1', '4'),
	('10230', '16', '4'),
	('10231', '0', '4'),
	('10232', '16', '4'),
	('10233', '17', '4'),
	('10234', '4', '4'),
	('10235', '17', '4'),
	('10236', '6', '4'),
	('10237', '-2', '4'),
	('10238', '5', '4'),
	('10239', '4', '4'),
	('10240', '15', '4'),
	('10241', '5', '4'),
	('10242', '-2', '4'),
	('10243', '8', '4'),
	('10244', '15', '4'),
	('10245', '20', '4'),
	('10246', '7', '4'),
	('10247', '0', '4'),
	('10248', '4', '4'),
	('10249', '13', '4'),
	('10250', '13', '4'),
	('10251', '17', '4'),
	('10252', '14', '4'),
	('10253', '-1', '4'),
	('10254', '-2', '4'),
	('10255', '13', '4'),
	('10256', '9', '4'),
	('10257', '2', '4'),
	('10258', '2', '4'),
	('10259', '20', '4'),
	('10260', '6', '4'),
	('10261', '6', '4'),
	('10262', '0', '4'),
	('10263', '16', '4'),
	('10264', '13', '4'),
	('10265', '13', '4'),
	('10266', '0', '4'),
	('10267', '17', '4'),
	('10268', '19', '4'),
	('10269', '-2', '4'),
	('10270', '17', '4'),
	('10271', '8', '4'),
	('10272', '14', '4'),
	('10273', '5', '4'),
	('10274', '1', '4'),
	('10275', '3', '4'),
	('10276', '5', '4'),
	('10277', '17', '4'),
	('10278', '0', '4'),
	('10279', '13', '4'),
	('10280', '0', '4'),
	('10281', '15', '4'),
	('10282', '11', '4'),
	('10283', '15', '4'),
	('10284', '-1', '4'),
	('10285', '19', '4'),
	('10286', '0', '4'),
	('10287', '13', '4'),
	('10288', '6', '4'),
	('10289', '1', '4'),
	('10290', '-2', '4'),
	('10291', '1', '4'),
	('10292', '-2', '4'),
	('10293', '11', '4'),
	('10294', '18', '4'),
	('10295', '13', '4'),
	('10296', '17', '4'),
	('10297', '5', '4'),
	('10298', '4', '4'),
	('10299', '0', '4'),
	('10300', '14', '4'),
	('10301', '-2', '4'),
	('10302', '13', '4'),
	('10303', '9', '4'),
	('10304', '16', '4'),
	('10305', '19', '4'),
	('10306', '20', '4'),
	('10307', '19', '4'),
	('10308', '11', '4'),
	('10309', '3', '4'),
	('10310', '3', '4'),
	('10311', '10', '4'),
	('10312', '16', '4'),
	('10313', '19', '4'),
	('10314', '5', '4'),
	('10315', '-1', '4'),
	('10316', '18', '4'),
	('10317', '-2', '4'),
	('10318', '12', '4'),
	('10319', '-2', '4'),
	('10320', '2', '4'),
	('10321', '13', '4'),
	('10322', '16', '4'),
	('10323', '1', '4'),
	('10324', '0', '4'),
	('10325', '14', '4'),
	('10326', '14', '4'),
	('10327', '9', '4'),
	('10328', '11', '4'),
	('10329', '18', '4'),
	('10330', '3', '4'),
	('10331', '0', '4'),
	('10332', '6', '4'),
	('10333', '2', '4'),
	('10334', '14', '4'),
	('10335', '11', '4'),
	('10336', '18', '4'),
	('10337', '0', '4'),
	('10338', '-2', '4'),
	('10339', '17', '4'),
	('10340', '18', '4'),
	('10341', '20', '4'),
	('10342', '-2', '4'),
	('10343', '0', '4'),
	('10344', '15', '4'),
	('10345', '7', '4'),
	('10346', '19', '4'),
	('10347', '0', '4'),
	('10348', '5', '4'),
	('10349', '11', '4'),
	('10350', '15', '4'),
	('10351', '12', '4'),
	('10352', '19', '4'),
	('10353', '20', '4'),
	('10354', '-1', '4'),
	('10355', '7', '4'),
	('10356', '-1', '4'),
	('10357', '14', '4'),
	('10358', '5', '4'),
	('10359', '-2', '4'),
	('10360', '6', '4'),
	('10361', '8', '4'),
	('10362', '19', '4'),
	('10363', '13', '4'),
	('10364', '4', '4'),
	('10365', '7', '4'),
	('10366', '20', '4'),
	('10367', '0', '4'),
	('10368', '15', '4'),
	('10369', '10', '4'),
	('10370', '4', '4'),
	('10371', '1', '4'),
	('10372', '10', '4'),
	('10373', '17', '4'),
	('10374', '-2', '4'),
	('10375', '5', '4'),
	('10376', '11', '4'),
	('10377', '13', '4'),
	('10378', '11', '4'),
	('10379', '9', '4'),
	('10380', '16', '4'),
	('10381', '20', '4'),
	('10382', '12', '4'),
	('10383', '-1', '4'),
	('10384', '-1', '4'),
	('10385', '20', '4'),
	('10386', '19', '4'),
	('10387', '16', '4'),
	('10388', '19', '4'),
	('10389', '19', '4'),
	('10390', '14', '4'),
	('10391', '17', '4'),
	('10392', '7', '4'),
	('10393', '3', '4'),
	('10394', '12', '4'),
	('10395', '19', '4'),
	('10396', '8', '4'),
	('10397', '2', '4'),
	('10398', '-2', '4'),
	('10399', '5', '4'),
	('10400', '18', '4'),
	('10401', '9', '4'),
	('10402', '9', '4'),
	('10403', '2', '4'),
	('10404', '4', '4'),
	('10405', '1', '4'),
	('10406', '3', '4'),
	('10407', '10', '4'),
	('10408', '17', '4'),
	('10409', '12', '4'),
	('10410', '0', '4'),
	('10411', '20', '4'),
	('10412', '5', '4'),
	('10413', '17', '4'),
	('10414', '13', '4'),
	('10415', '10', '4'),
	('10416', '15', '4'),
	('10417', '7', '4'),
	('10418', '16', '4'),
	('10419', '14', '4'),
	('10420', '16', '4'),
	('10421', '20', '4'),
	('10422', '2', '4'),
	('10423', '18', '4'),
	('10424', '20', '4'),
	('10425', '6', '4'),
	('10426', '9', '4'),
	('10427', '18', '4'),
	('10428', '-2', '4'),
	('10429', '-2', '4'),
	('10430', '12', '4'),
	('10431', '-1', '4'),
	('10432', '19', '4'),
	('10433', '13', '4'),
	('10434', '5', '4'),
	('10435', '10', '4'),
	('10436', '18', '4'),
	('10437', '-2', '4'),
	('10438', '13', '4'),
	('10439', '4', '4'),
	('10440', '2', '4'),
	('10441', '19', '4'),
	('10001', '20', '5'),
	('10002', '0', '5'),
	('10003', '9', '5'),
	('10004', '13', '5'),
	('10005', '16', '5'),
	('10006', '2', '5'),
	('10007', '19', '5'),
	('10008', '11', '5'),
	('10009', '2', '5'),
	('10010', '12', '5'),
	('10011', '14', '5'),
	('10012', '11', '5'),
	('10013', '17', '5'),
	('10014', '2', '5'),
	('10015', '9', '5'),
	('10016', '13', '5'),
	('10017', '13', '5'),
	('10018', '18', '5'),
	('10019', '4', '5'),
	('10020', '1', '5'),
	('10021', '-2', '5'),
	('10022', '2', '5'),
	('10023', '20', '5'),
	('10024', '7', '5'),
	('10025', '19', '5'),
	('10026', '2', '5'),
	('10027', '1', '5'),
	('10028', '-1', '5'),
	('10029', '17', '5'),
	('10030', '7', '5'),
	('10031', '16', '5'),
	('10032', '-2', '5'),
	('10033', '2', '5'),
	('10034', '10', '5'),
	('10035', '1', '5'),
	('10036', '13', '5'),
	('10037', '13', '5'),
	('10038', '20', '5'),
	('10039', '-1', '5'),
	('10040', '14', '5'),
	('10041', '17', '5'),
	('10042', '9', '5'),
	('10043', '15', '5'),
	('10044', '0', '5'),
	('10045', '-2', '5'),
	('10046', '-2', '5'),
	('10047', '16', '5'),
	('10048', '8', '5'),
	('10049', '2', '5'),
	('10050', '9', '5'),
	('10051', '0', '5'),
	('10052', '-2', '5'),
	('10053', '-2', '5'),
	('10054', '5', '5'),
	('10055', '7', '5'),
	('10056', '8', '5'),
	('10057', '9', '5'),
	('10058', '10', '5'),
	('10059', '9', '5'),
	('10060', '11', '5'),
	('10061', '-1', '5'),
	('10062', '16', '5'),
	('10063', '15', '5'),
	('10064', '0', '5'),
	('10065', '20', '5'),
	('10066', '14', '5'),
	('10067', '5', '5'),
	('10068', '7', '5'),
	('10069', '-1', '5'),
	('10070', '16', '5'),
	('10071', '6', '5'),
	('10072', '4', '5'),
	('10073', '1', '5'),
	('10074', '18', '5'),
	('10075', '15', '5'),
	('10076', '10', '5'),
	('10077', '8', '5'),
	('10078', '1', '5'),
	('10079', '18', '5'),
	('10080', '1', '5'),
	('10081', '7', '5'),
	('10082', '2', '5'),
	('10083', '6', '5'),
	('10084', '0', '5'),
	('10085', '14', '5'),
	('10086', '0', '5'),
	('10087', '13', '5'),
	('10088', '1', '5'),
	('10089', '15', '5'),
	('10090', '14', '5'),
	('10091', '4', '5'),
	('10092', '20', '5'),
	('10093', '2', '5'),
	('10094', '9', '5'),
	('10095', '14', '5'),
	('10096', '20', '5'),
	('10097', '10', '5'),
	('10098', '20', '5'),
	('10099', '0', '5'),
	('10100', '6', '5'),
	('10101', '14', '5'),
	('10102', '14', '5'),
	('10103', '17', '5'),
	('10104', '13', '5'),
	('10105', '19', '5'),
	('10106', '10', '5'),
	('10107', '16', '5'),
	('10108', '14', '5'),
	('10109', '1', '5'),
	('10110', '9', '5'),
	('10111', '6', '5'),
	('10112', '16', '5'),
	('10113', '9', '5'),
	('10114', '6', '5'),
	('10115', '4', '5'),
	('10116', '11', '5'),
	('10117', '17', '5'),
	('10118', '16', '5'),
	('10119', '12', '5'),
	('10120', '13', '5'),
	('10121', '18', '5'),
	('10122', '2', '5'),
	('10123', '0', '5'),
	('10124', '9', '5'),
	('10125', '17', '5'),
	('10126', '18', '5'),
	('10127', '1', '5'),
	('10128', '18', '5'),
	('10129', '20', '5'),
	('10130', '13', '5'),
	('10131', '4', '5'),
	('10132', '10', '5'),
	('10133', '18', '5'),
	('10134', '7', '5'),
	('10135', '4', '5'),
	('10136', '11', '5'),
	('10137', '2', '5'),
	('10138', '0', '5'),
	('10139', '20', '5'),
	('10140', '8', '5'),
	('10141', '8', '5'),
	('10142', '15', '5'),
	('10143', '12', '5'),
	('10144', '9', '5'),
	('10145', '6', '5'),
	('10146', '7', '5'),
	('10147', '9', '5'),
	('10148', '14', '5'),
	('10149', '3', '5'),
	('10150', '4', '5'),
	('10151', '11', '5'),
	('10152', '10', '5'),
	('10153', '5', '5'),
	('10154', '7', '5'),
	('10155', '6', '5'),
	('10156', '15', '5'),
	('10157', '-1', '5'),
	('10158', '2', '5'),
	('10159', '2', '5'),
	('10160', '3', '5'),
	('10161', '16', '5'),
	('10162', '5', '5'),
	('10163', '13', '5'),
	('10164', '10', '5'),
	('10165', '-2', '5'),
	('10166', '19', '5'),
	('10167', '17', '5'),
	('10168', '14', '5'),
	('10169', '4', '5'),
	('10170', '10', '5'),
	('10171', '1', '5'),
	('10172', '1', '5'),
	('10173', '3', '5'),
	('10174', '16', '5'),
	('10175', '9', '5'),
	('10176', '19', '5'),
	('10177', '4', '5'),
	('10178', '7', '5'),
	('10179', '16', '5'),
	('10180', '4', '5'),
	('10181', '0', '5'),
	('10182', '10', '5'),
	('10183', '10', '5'),
	('10184', '15', '5'),
	('10185', '17', '5'),
	('10186', '5', '5'),
	('10187', '6', '5'),
	('10188', '4', '5'),
	('10189', '-2', '5'),
	('10190', '0', '5'),
	('10191', '10', '5'),
	('10192', '14', '5'),
	('10193', '-2', '5'),
	('10194', '3', '5'),
	('10195', '18', '5'),
	('10196', '3', '5'),
	('10197', '9', '5'),
	('10198', '10', '5'),
	('10199', '10', '5'),
	('10200', '12', '5'),
	('10201', '18', '5'),
	('10202', '13', '5'),
	('10203', '19', '5'),
	('10204', '18', '5'),
	('10205', '8', '5'),
	('10206', '2', '5'),
	('10207', '1', '5'),
	('10208', '0', '5'),
	('10209', '16', '5'),
	('10210', '17', '5'),
	('10211', '15', '5'),
	('10212', '12', '5'),
	('10213', '6', '5'),
	('10214', '14', '5'),
	('10215', '11', '5'),
	('10216', '12', '5'),
	('10217', '-2', '5'),
	('10218', '18', '5'),
	('10219', '19', '5'),
	('10220', '19', '5'),
	('10221', '0', '5'),
	('10222', '13', '5'),
	('10223', '20', '5'),
	('10224', '8', '5'),
	('10225', '9', '5'),
	('10226', '7', '5'),
	('10227', '13', '5'),
	('10228', '5', '5'),
	('10229', '3', '5'),
	('10230', '9', '5'),
	('10231', '18', '5'),
	('10232', '5', '5'),
	('10233', '1', '5'),
	('10234', '5', '5'),
	('10235', '15', '5'),
	('10236', '2', '5'),
	('10237', '6', '5'),
	('10238', '1', '5'),
	('10239', '19', '5'),
	('10240', '14', '5'),
	('10241', '6', '5'),
	('10242', '-2', '5'),
	('10243', '18', '5'),
	('10244', '17', '5'),
	('10245', '10', '5'),
	('10246', '13', '5'),
	('10247', '10', '5'),
	('10248', '11', '5'),
	('10249', '0', '5'),
	('10250', '3', '5'),
	('10251', '15', '5'),
	('10252', '16', '5'),
	('10253', '2', '5'),
	('10254', '12', '5'),
	('10255', '-1', '5'),
	('10256', '7', '5'),
	('10257', '15', '5'),
	('10258', '10', '5'),
	('10259', '2', '5'),
	('10260', '20', '5'),
	('10261', '-2', '5'),
	('10262', '19', '5'),
	('10263', '-2', '5'),
	('10264', '15', '5'),
	('10265', '12', '5'),
	('10266', '14', '5'),
	('10267', '8', '5'),
	('10268', '18', '5'),
	('10269', '19', '5'),
	('10270', '14', '5'),
	('10271', '10', '5'),
	('10272', '-2', '5'),
	('10273', '-1', '5'),
	('10274', '6', '5'),
	('10275', '0', '5'),
	('10276', '-2', '5'),
	('10277', '18', '5'),
	('10278', '13', '5'),
	('10279', '20', '5'),
	('10280', '3', '5'),
	('10281', '14', '5'),
	('10282', '2', '5'),
	('10283', '2', '5'),
	('10284', '3', '5'),
	('10285', '0', '5'),
	('10286', '18', '5'),
	('10287', '20', '5'),
	('10288', '2', '5'),
	('10289', '18', '5'),
	('10290', '2', '5'),
	('10291', '7', '5'),
	('10292', '7', '5'),
	('10293', '16', '5'),
	('10294', '14', '5'),
	('10295', '18', '5'),
	('10296', '11', '5'),
	('10297', '6', '5'),
	('10298', '11', '5'),
	('10299', '-2', '5'),
	('10300', '16', '5'),
	('10301', '10', '5'),
	('10302', '10', '5'),
	('10303', '1', '5'),
	('10304', '-2', '5'),
	('10305', '14', '5'),
	('10306', '5', '5'),
	('10307', '-1', '5'),
	('10308', '5', '5'),
	('10309', '4', '5'),
	('10310', '-1', '5'),
	('10311', '19', '5'),
	('10312', '19', '5'),
	('10313', '0', '5'),
	('10314', '15', '5'),
	('10315', '9', '5'),
	('10316', '-2', '5'),
	('10317', '19', '5'),
	('10318', '9', '5'),
	('10319', '2', '5'),
	('10320', '4', '5'),
	('10321', '17', '5'),
	('10322', '12', '5'),
	('10323', '8', '5'),
	('10324', '5', '5'),
	('10325', '18', '5'),
	('10326', '4', '5'),
	('10327', '16', '5'),
	('10328', '20', '5'),
	('10329', '8', '5'),
	('10330', '8', '5'),
	('10331', '18', '5'),
	('10332', '1', '5'),
	('10333', '5', '5'),
	('10334', '0', '5'),
	('10335', '19', '5'),
	('10336', '18', '5'),
	('10337', '-1', '5'),
	('10338', '9', '5'),
	('10339', '3', '5'),
	('10340', '-1', '5'),
	('10341', '18', '5'),
	('10342', '-2', '5'),
	('10343', '9', '5'),
	('10344', '19', '5'),
	('10345', '9', '5'),
	('10346', '14', '5'),
	('10347', '7', '5'),
	('10348', '13', '5'),
	('10349', '12', '5'),
	('10350', '12', '5'),
	('10351', '16', '5'),
	('10352', '9', '5'),
	('10353', '20', '5'),
	('10354', '17', '5'),
	('10355', '0', '5'),
	('10356', '2', '5'),
	('10357', '16', '5'),
	('10358', '4', '5'),
	('10359', '18', '5'),
	('10360', '6', '5'),
	('10361', '4', '5'),
	('10362', '15', '5'),
	('10363', '1', '5'),
	('10364', '11', '5'),
	('10365', '15', '5'),
	('10366', '6', '5'),
	('10367', '18', '5'),
	('10368', '-1', '5'),
	('10369', '17', '5'),
	('10370', '12', '5'),
	('10371', '4', '5'),
	('10372', '9', '5'),
	('10373', '5', '5'),
	('10374', '12', '5'),
	('10375', '0', '5'),
	('10376', '11', '5'),
	('10377', '14', '5'),
	('10378', '1', '5'),
	('10379', '15', '5'),
	('10380', '5', '5'),
	('10381', '1', '5'),
	('10382', '-1', '5'),
	('10383', '3', '5'),
	('10384', '19', '5'),
	('10385', '7', '5'),
	('10386', '1', '5'),
	('10387', '19', '5'),
	('10388', '15', '5'),
	('10389', '9', '5'),
	('10390', '-1', '5'),
	('10391', '7', '5'),
	('10392', '1', '5'),
	('10393', '11', '5'),
	('10394', '13', '5'),
	('10395', '12', '5'),
	('10396', '5', '5'),
	('10397', '11', '5'),
	('10398', '20', '5'),
	('10399', '5', '5'),
	('10400', '18', '5'),
	('10401', '13', '5'),
	('10402', '10', '5'),
	('10403', '15', '5'),
	('10404', '12', '5'),
	('10405', '18', '5'),
	('10406', '10', '5'),
	('10407', '6', '5'),
	('10408', '12', '5'),
	('10409', '10', '5'),
	('10410', '-2', '5'),
	('10411', '4', '5'),
	('10412', '6', '5'),
	('10413', '-2', '5'),
	('10414', '9', '5'),
	('10415', '5', '5'),
	('10416', '8', '5'),
	('10417', '16', '5'),
	('10418', '14', '5'),
	('10419', '5', '5'),
	('10420', '17', '5'),
	('10421', '14', '5'),
	('10422', '14', '5'),
	('10423', '17', '5'),
	('10424', '9', '5'),
	('10425', '4', '5'),
	('10426', '-1', '5'),
	('10427', '0', '5'),
	('10428', '14', '5'),
	('10429', '2', '5'),
	('10430', '14', '5'),
	('10431', '14', '5'),
	('10432', '14', '5'),
	('10433', '-1', '5'),
	('10434', '-1', '5'),
	('10435', '19', '5'),
	('10436', '20', '5'),
	('10437', '2', '5'),
	('10438', '-2', '5'),
	('10439', '-2', '5'),
	('10440', '16', '5'),
	('10441', '-1', '5');


INSERT INTO proyectofinalbd_alg.TRASPASO_JUG (ID_COMPRADOR,ID_JUGADORES,ID_VENDEDOR,FECHA_TRASPASO,PRECIO_TRASPASO,ID_TRASPASO_JUG) VALUES
	 (101,10122,117,'2024-11-28 23:52:47',89500000,1),
	 (105,10023,104,'2024-11-10 16:30:07',4000000,2),
	 (107,10101,111,'2024-11-05 14:15:22',12500000,3),
	 (109,10099,102,'2024-12-04 02:43:10',24000000,4),
	 (112,10302,110,'2024-11-02 14:58:34',88000000,5),
	 (113,10411,106,'2024-12-01 16:45:10',40000000,6),
	 (114,10234,115,'2024-11-24 13:28:57',70000000,7),
	 (116,10307,108,'2024-11-15 09:30:45',12000000,8),
	 (118,10187,103,'2024-12-10 18:30:55',7500000,9),
	 (120,10056,119,'2024-11-20 11:00:00',20000000,10),
	(107, 10245, 101, '2024-12-12 15:45:30', 56000000, 11),
	(120, 10178, 107, '2024-11-18 10:15:00', 32000000, 12),
	(111, 10356, 117, '2024-12-08 21:00:45', 15000000, 13),
	(105, 10423, 109, '2024-11-25 08:30:20', 9900000, 14),
	(101, 10267, 111, '2024-12-14 17:20:10', 73000000, 15),
	(102, 10133, null, '2024-11-22 14:10:05', 8800000, 16),
	(106, 10077, 112, '2024-12-09 12:00:00', 67000000, 17),
	(113, 10389, 109, '2024-11-27 19:45:50', 25000000, 18),
	(103, 10011, 105, '2024-12-06 16:40:30', 46000000, 19),
	(108, 10191, 104, '2024-11-30 22:55:25', 51000000, 20),
	(112, 10356, 117, '2024-12-03 13:25:15', 33000000, 21),
	(null, 10212, 117, '2024-11-28 09:10:45', 14000000, 22),
	(102, 10347, 104, '2024-12-11 07:45:55', 27000000, 23),
	(117, 10089, 105, '2024-11-29 18:35:20', 35000000, 24),
	(114, 10176, null, '2024-12-07 20:20:10', 12000000, 25),
	(119, 10298, 102, '2024-11-17 15:30:00', 66000000, 26),
	(106, 10402, 104, '2024-12-05 23:10:30', 29000000, 27),
	(110, 10311, 110, '2024-11-21 12:50:40', 8000000, 28),
	(115, 10154, 116, '2024-12-13 14:45:15', 72000000, 29),
	(111, 10034, 118, '2024-11-19 10:00:00', 54000000, 30);
	
	
INSERT INTO TRASPASO_ENT (ID_ENTRENADORES, ID_VENDEDOR, ID_COMPRADOR, PRECIO_TRASPASO, FECHA_TRASPASO,ID_TRASPASO_ENT) VALUES
	('20002', '104', '105', '1000000', '2024/11/10 11:28:33',1),
	('20011', '110', '111', '880000', '2024/11/2 12:58:07',2),
	('20006', '113', '101', '795000', '2024/11/28 23:14:19',3),
	('20020', '118', '107', '1400000', '2024/12/4 8:35:57',4),
	('20001', '103', '102', '950000', '2024/12/24 16:40:42',5);
